PassengerId,Survived,Pclass,Name,Sex,Age,SibSp,Parch,Ticket,Fare,Embarked,Child,Fare_per_Age,Title,PricePerPax
1,0,3,"Braund, Mr. Owen Harris",male,22.0,1,0,A/5 21171,7.25,S,False,0.32954545454545453,Mr,3.625
2,1,1,"Cumings, Mrs. John Bradley (Florence Briggs Thayer)",female,38.0,1,0,PC 17599,71.2833,C,False,1.8758763157894736,Mrs,35.64165
3,1,3,"Heikkinen, Miss. Laina",female,26.0,0,0,STON/O2. 3101282,7.925,S,False,0.3048076923076923,Miss,7.925
4,1,1,"Futrelle, Mrs. Jacques Heath (Lily May Peel)",female,35.0,1,0,113803,53.1,S,False,1.5171428571428571,Mrs,26.55
5,0,3,"Allen, Mr. William Henry",male,35.0,0,0,373450,8.05,S,False,0.23,Mr,8.05
6,0,3,"Moran, Mr. James",male,28.0,0,0,330877,8.4583,Q,False,0.30208214285714285,Mr,8.4583
7,0,1,"McCarthy, Mr. Timothy J",male,54.0,0,0,17463,51.8625,S,False,0.9604166666666666,Mr,51.8625
8,0,3,"Palsson, Master. Gosta Leonard",male,2.0,3,1,349909,21.075,S,True,10.5375,Master,4.215
9,1,3,"Johnson, Mrs. Oscar W (Elisabeth Vilhelmina Berg)",female,27.0,0,2,347742,11.1333,S,False,0.41234444444444446,Mrs,3.7111
10,1,2,"Nasser, Mrs. Nicholas (Adele Achem)",female,14.0,1,0,237736,30.0708,C,True,2.1479142857142857,Mrs,15.0354
11,1,3,"Sandstrom, Miss. Marguerite Rut",female,4.0,1,1,PP 9549,16.7,S,True,4.175,Miss,5.566666666666666
12,1,1,"Bonnell, Miss. Elizabeth",female,58.0,0,0,113783,26.55,S,False,0.45775862068965517,Miss,26.55
13,0,3,"Saundercock, Mr. William Henry",male,20.0,0,0,A/5. 2151,8.05,S,False,0.4025,Mr,8.05
14,0,3,"Andersson, Mr. Anders Johan",male,39.0,1,5,347082,31.275,S,False,0.8019230769230768,Mr,4.4678571428571425
15,0,3,"Vestrom, Miss. Hulda Amanda Adolfina",female,14.0,0,0,350406,7.8542,S,True,0.5610142857142857,Miss,7.8542
16,1,2,"Hewlett, Mrs. (Mary D Kingcome) ",female,55.0,0,0,248706,16.0,S,False,0.2909090909090909,Mrs,16.0
17,0,3,"Rice, Master. Eugene",male,2.0,4,1,382652,29.125,Q,True,14.5625,Master,4.854166666666667
18,1,2,"Williams, Mr. Charles Eugene",male,28.0,0,0,244373,13.0,S,False,0.4642857142857143,Mr,13.0
19,0,3,"Vander Planke, Mrs. Julius (Emelia Maria Vandemoortele)",female,31.0,1,0,345763,18.0,S,False,0.5806451612903226,Mrs,9.0
20,1,3,"Masselmani, Mrs. Fatima",female,28.0,0,0,2649,7.225,C,False,0.25803571428571426,Mrs,7.225
21,0,2,"Fynney, Mr. Joseph J",male,35.0,0,0,239865,26.0,S,False,0.7428571428571429,Mr,26.0
22,1,2,"Beesley, Mr. Lawrence",male,34.0,0,0,248698,13.0,S,False,0.38235294117647056,Mr,13.0
23,1,3,"McGowan, Miss. Anna ""Annie""",female,15.0,0,0,330923,8.0292,Q,True,0.53528,Miss,8.0292
24,1,1,"Sloper, Mr. William Thompson",male,28.0,0,0,113788,35.5,S,False,1.2678571428571428,Mr,35.5
25,0,3,"Palsson, Miss. Torborg Danira",female,8.0,3,1,349909,21.075,S,True,2.634375,Miss,4.215
26,1,3,"Asplund, Mrs. Carl Oscar (Selma Augusta Emilia Johansson)",female,38.0,1,5,347077,31.3875,S,False,0.8259868421052632,Mrs,4.483928571428572
27,0,3,"Emir, Mr. Farred Chehab",male,28.0,0,0,2631,7.225,C,False,0.25803571428571426,Mr,7.225
28,0,1,"Fortune, Mr. Charles Alexander",male,19.0,3,2,19950,263.0,S,False,13.842105263157896,Mr,43.833333333333336
29,1,3,"O'Dwyer, Miss. Ellen ""Nellie""",female,28.0,0,0,330959,7.8792,Q,False,0.2814,Miss,7.8792
30,0,3,"Todoroff, Mr. Lalio",male,28.0,0,0,349216,7.8958,S,False,0.28199285714285716,Mr,7.8958
31,0,1,"Uruchurtu, Don. Manuel E",male,40.0,0,0,PC 17601,27.7208,C,False,0.69302,Don,27.7208
32,1,1,"Spencer, Mrs. William Augustus (Marie Eugenie)",female,28.0,1,0,PC 17569,146.5208,C,False,5.232885714285715,Mrs,73.2604
33,1,3,"Glynn, Miss. Mary Agatha",female,28.0,0,0,335677,7.75,Q,False,0.2767857142857143,Miss,7.75
34,0,2,"Wheadon, Mr. Edward H",male,66.0,0,0,C.A. 24579,10.5,S,False,0.1590909090909091,Mr,10.5
35,0,1,"Meyer, Mr. Edgar Joseph",male,28.0,1,0,PC 17604,82.1708,C,False,2.9346714285714284,Mr,41.0854
36,0,1,"Holverson, Mr. Alexander Oskar",male,42.0,1,0,113789,52.0,S,False,1.2380952380952381,Mr,26.0
37,1,3,"Mamee, Mr. Hanna",male,28.0,0,0,2677,7.2292,C,False,0.2581857142857143,Mr,7.2292
38,0,3,"Cann, Mr. Ernest Charles",male,21.0,0,0,A./5. 2152,8.05,S,False,0.38333333333333336,Mr,8.05
39,0,3,"Vander Planke, Miss. Augusta Maria",female,18.0,2,0,345764,18.0,S,False,1.0,Miss,6.0
40,1,3,"Nicola-Yarred, Miss. Jamila",female,14.0,1,0,2651,11.2417,C,True,0.8029785714285714,Miss,5.62085
41,0,3,"Ahlin, Mrs. Johan (Johanna Persdotter Larsson)",female,40.0,1,0,7546,9.475,S,False,0.236875,Mrs,4.7375
42,0,2,"Turpin, Mrs. William John Robert (Dorothy Ann Wonnacott)",female,27.0,1,0,11668,21.0,S,False,0.7777777777777778,Mrs,10.5
43,0,3,"Kraeff, Mr. Theodor",male,28.0,0,0,349253,7.8958,C,False,0.28199285714285716,Mr,7.8958
44,1,2,"Laroche, Miss. Simonne Marie Anne Andree",female,3.0,1,2,SC/Paris 2123,41.5792,C,True,13.859733333333333,Miss,10.3948
45,1,3,"Devaney, Miss. Margaret Delia",female,19.0,0,0,330958,7.8792,Q,False,0.4146947368421053,Miss,7.8792
46,0,3,"Rogers, Mr. William John",male,28.0,0,0,S.C./A.4. 23567,8.05,S,False,0.28750000000000003,Mr,8.05
47,0,3,"Lennon, Mr. Denis",male,28.0,1,0,370371,15.5,Q,False,0.5535714285714286,Mr,7.75
48,1,3,"O'Driscoll, Miss. Bridget",female,28.0,0,0,14311,7.75,Q,False,0.2767857142857143,Miss,7.75
49,0,3,"Samaan, Mr. Youssef",male,28.0,2,0,2662,21.6792,C,False,0.7742571428571429,Mr,7.226400000000001
50,0,3,"Arnold-Franchi, Mrs. Josef (Josefine Franchi)",female,18.0,1,0,349237,17.8,S,False,0.9888888888888889,Mrs,8.9
51,0,3,"Panula, Master. Juha Niilo",male,7.0,4,1,3101295,39.6875,S,True,5.669642857142857,Master,6.614583333333333
52,0,3,"Nosworthy, Mr. Richard Cater",male,21.0,0,0,A/4. 39886,7.8,S,False,0.37142857142857144,Mr,7.8
53,1,1,"Harper, Mrs. Henry Sleeper (Myna Haxtun)",female,49.0,1,0,PC 17572,76.7292,C,False,1.5659020408163267,Mrs,38.3646
54,1,2,"Faunthorpe, Mrs. Lizzie (Elizabeth Anne Wilkinson)",female,29.0,1,0,2926,26.0,S,False,0.896551724137931,Mrs,13.0
55,0,1,"Ostby, Mr. Engelhart Cornelius",male,65.0,0,1,113509,61.9792,C,False,0.9535261538461538,Mr,30.9896
56,1,1,"Woolner, Mr. Hugh",male,28.0,0,0,19947,35.5,S,False,1.2678571428571428,Mr,35.5
57,1,2,"Rugg, Miss. Emily",female,21.0,0,0,C.A. 31026,10.5,S,False,0.5,Miss,10.5
58,0,3,"Novel, Mr. Mansouer",male,28.5,0,0,2697,7.2292,C,False,0.2536561403508772,Mr,7.2292
59,1,2,"West, Miss. Constance Mirium",female,5.0,1,2,C.A. 34651,27.75,S,True,5.55,Miss,6.9375
60,0,3,"Goodwin, Master. William Frederick",male,11.0,5,2,CA 2144,46.9,S,True,4.263636363636364,Master,5.8625
61,0,3,"Sirayanian, Mr. Orsen",male,22.0,0,0,2669,7.2292,C,False,0.3286,Mr,7.2292
62,1,1,"Icard, Miss. Amelie",female,38.0,0,0,113572,80.0,S,False,2.1052631578947367,Miss,80.0
63,0,1,"Harris, Mr. Henry Birkhardt",male,45.0,1,0,36973,83.475,S,False,1.855,Mr,41.7375
64,0,3,"Skoog, Master. Harald",male,4.0,3,2,347088,27.9,S,True,6.975,Master,4.6499999999999995
65,0,1,"Stewart, Mr. Albert A",male,28.0,0,0,PC 17605,27.7208,C,False,0.9900285714285715,Mr,27.7208
66,1,3,"Moubarek, Master. Gerios",male,28.0,1,1,2661,15.2458,C,False,0.5444928571428571,Master,5.081933333333333
67,1,2,"Nye, Mrs. (Elizabeth Ramell)",female,29.0,0,0,C.A. 29395,10.5,S,False,0.3620689655172414,Mrs,10.5
68,0,3,"Crease, Mr. Ernest James",male,19.0,0,0,S.P. 3464,8.1583,S,False,0.4293842105263158,Mr,8.1583
69,1,3,"Andersson, Miss. Erna Alexandra",female,17.0,4,2,3101281,7.925,S,False,0.4661764705882353,Miss,1.1321428571428571
70,0,3,"Kink, Mr. Vincenz",male,26.0,2,0,315151,8.6625,S,False,0.3331730769230769,Mr,2.8874999999999997
71,0,2,"Jenkin, Mr. Stephen Curnow",male,32.0,0,0,C.A. 33111,10.5,S,False,0.328125,Mr,10.5
72,0,3,"Goodwin, Miss. Lillian Amy",female,16.0,5,2,CA 2144,46.9,S,False,2.93125,Miss,5.8625
73,0,2,"Hood, Mr. Ambrose Jr",male,21.0,0,0,S.O.C. 14879,73.5,S,False,3.5,Mr,73.5
74,0,3,"Chronopoulos, Mr. Apostolos",male,26.0,1,0,2680,14.4542,C,False,0.5559307692307692,Mr,7.2271
75,1,3,"Bing, Mr. Lee",male,32.0,0,0,1601,56.4958,S,False,1.76549375,Mr,56.4958
76,0,3,"Moen, Mr. Sigurd Hansen",male,25.0,0,0,348123,7.65,S,False,0.306,Mr,7.65
77,0,3,"Staneff, Mr. Ivan",male,28.0,0,0,349208,7.8958,S,False,0.28199285714285716,Mr,7.8958
78,0,3,"Moutal, Mr. Rahamin Haim",male,28.0,0,0,374746,8.05,S,False,0.28750000000000003,Mr,8.05
79,1,2,"Caldwell, Master. Alden Gates",male,0.83,0,2,248738,29.0,S,True,34.93975903614458,Master,9.666666666666666
80,1,3,"Dowdell, Miss. Elizabeth",female,30.0,0,0,364516,12.475,S,False,0.41583333333333333,Miss,12.475
81,0,3,"Waelens, Mr. Achille",male,22.0,0,0,345767,9.0,S,False,0.4090909090909091,Mr,9.0
82,1,3,"Sheerlinck, Mr. Jan Baptist",male,29.0,0,0,345779,9.5,S,False,0.3275862068965517,Mr,9.5
83,1,3,"McDermott, Miss. Brigdet Delia",female,28.0,0,0,330932,7.7875,Q,False,0.278125,Miss,7.7875
84,0,1,"Carrau, Mr. Francisco M",male,28.0,0,0,113059,47.1,S,False,1.6821428571428572,Mr,47.1
85,1,2,"Ilett, Miss. Bertha",female,17.0,0,0,SO/C 14885,10.5,S,False,0.6176470588235294,Miss,10.5
86,1,3,"Backstrom, Mrs. Karl Alfred (Maria Mathilda Gustafsson)",female,33.0,3,0,3101278,15.85,S,False,0.4803030303030303,Mrs,3.9625
87,0,3,"Ford, Mr. William Neal",male,16.0,1,3,W./C. 6608,34.375,S,False,2.1484375,Mr,6.875
88,0,3,"Slocovski, Mr. Selman Francis",male,28.0,0,0,SOTON/OQ 392086,8.05,S,False,0.28750000000000003,Mr,8.05
89,1,1,"Fortune, Miss. Mabel Helen",female,23.0,3,2,19950,263.0,S,False,11.434782608695652,Miss,43.833333333333336
90,0,3,"Celotti, Mr. Francesco",male,24.0,0,0,343275,8.05,S,False,0.3354166666666667,Mr,8.05
91,0,3,"Christmann, Mr. Emil",male,29.0,0,0,343276,8.05,S,False,0.2775862068965517,Mr,8.05
92,0,3,"Andreasson, Mr. Paul Edvin",male,20.0,0,0,347466,7.8542,S,False,0.39271,Mr,7.8542
93,0,1,"Chaffee, Mr. Herbert Fuller",male,46.0,1,0,W.E.P. 5734,61.175,S,False,1.329891304347826,Mr,30.5875
94,0,3,"Dean, Mr. Bertram Frank",male,26.0,1,2,C.A. 2315,20.575,S,False,0.7913461538461538,Mr,5.14375
95,0,3,"Coxon, Mr. Daniel",male,59.0,0,0,364500,7.25,S,False,0.1228813559322034,Mr,7.25
96,0,3,"Shorney, Mr. Charles Joseph",male,28.0,0,0,374910,8.05,S,False,0.28750000000000003,Mr,8.05
97,0,1,"Goldschmidt, Mr. George B",male,71.0,0,0,PC 17754,34.6542,C,False,0.488087323943662,Mr,34.6542
98,1,1,"Greenfield, Mr. William Bertram",male,23.0,0,1,PC 17759,63.3583,C,False,2.754708695652174,Mr,31.67915
99,1,2,"Doling, Mrs. John T (Ada Julia Bone)",female,34.0,0,1,231919,23.0,S,False,0.6764705882352942,Mrs,11.5
100,0,2,"Kantor, Mr. Sinai",male,34.0,1,0,244367,26.0,S,False,0.7647058823529411,Mr,13.0
101,0,3,"Petranec, Miss. Matilda",female,28.0,0,0,349245,7.8958,S,False,0.28199285714285716,Miss,7.8958
102,0,3,"Petroff, Mr. Pastcho (""Pentcho"")",male,28.0,0,0,349215,7.8958,S,False,0.28199285714285716,Mr,7.8958
103,0,1,"White, Mr. Richard Frasar",male,21.0,0,1,35281,77.2875,S,False,3.6803571428571424,Mr,38.64375
104,0,3,"Johansson, Mr. Gustaf Joel",male,33.0,0,0,7540,8.6542,S,False,0.26224848484848484,Mr,8.6542
105,0,3,"Gustafsson, Mr. Anders Vilhelm",male,37.0,2,0,3101276,7.925,S,False,0.2141891891891892,Mr,2.6416666666666666
106,0,3,"Mionoff, Mr. Stoytcho",male,28.0,0,0,349207,7.8958,S,False,0.28199285714285716,Mr,7.8958
107,1,3,"Salkjelsvik, Miss. Anna Kristine",female,21.0,0,0,343120,7.65,S,False,0.3642857142857143,Miss,7.65
108,1,3,"Moss, Mr. Albert Johan",male,28.0,0,0,312991,7.775,S,False,0.27767857142857144,Mr,7.775
109,0,3,"Rekic, Mr. Tido",male,38.0,0,0,349249,7.8958,S,False,0.2077842105263158,Mr,7.8958
110,1,3,"Moran, Miss. Bertha",female,28.0,1,0,371110,24.15,Q,False,0.8624999999999999,Miss,12.075
111,0,1,"Porter, Mr. Walter Chamberlain",male,47.0,0,0,110465,52.0,S,False,1.1063829787234043,Mr,52.0
112,0,3,"Zabour, Miss. Hileni",female,14.5,1,0,2665,14.4542,C,True,0.9968413793103449,Miss,7.2271
113,0,3,"Barton, Mr. David John",male,22.0,0,0,324669,8.05,S,False,0.36590909090909096,Mr,8.05
114,0,3,"Jussila, Miss. Katriina",female,20.0,1,0,4136,9.825,S,False,0.49124999999999996,Miss,4.9125
115,0,3,"Attalah, Miss. Malake",female,17.0,0,0,2627,14.4583,C,False,0.8504882352941177,Miss,14.4583
116,0,3,"Pekoniemi, Mr. Edvard",male,21.0,0,0,STON/O 2. 3101294,7.925,S,False,0.3773809523809524,Mr,7.925
117,0,3,"Connors, Mr. Patrick",male,70.5,0,0,370369,7.75,Q,False,0.1099290780141844,Mr,7.75
118,0,2,"Turpin, Mr. William John Robert",male,29.0,1,0,11668,21.0,S,False,0.7241379310344828,Mr,10.5
119,0,1,"Baxter, Mr. Quigg Edmond",male,24.0,0,1,PC 17558,247.5208,C,False,10.313366666666667,Mr,123.7604
120,0,3,"Andersson, Miss. Ellis Anna Maria",female,2.0,4,2,347082,31.275,S,True,15.6375,Miss,4.4678571428571425
121,0,2,"Hickman, Mr. Stanley George",male,21.0,2,0,S.O.C. 14879,73.5,S,False,3.5,Mr,24.5
122,0,3,"Moore, Mr. Leonard Charles",male,28.0,0,0,A4. 54510,8.05,S,False,0.28750000000000003,Mr,8.05
123,0,2,"Nasser, Mr. Nicholas",male,32.5,1,0,237736,30.0708,C,False,0.9252553846153846,Mr,15.0354
124,1,2,"Webber, Miss. Susan",female,32.5,0,0,27267,13.0,S,False,0.4,Miss,13.0
125,0,1,"White, Mr. Percival Wayland",male,54.0,0,1,35281,77.2875,S,False,1.43125,Mr,38.64375
126,1,3,"Nicola-Yarred, Master. Elias",male,12.0,1,0,2651,11.2417,C,True,0.9368083333333334,Master,5.62085
127,0,3,"McMahon, Mr. Martin",male,28.0,0,0,370372,7.75,Q,False,0.2767857142857143,Mr,7.75
128,1,3,"Madsen, Mr. Fridtjof Arne",male,24.0,0,0,C 17369,7.1417,S,False,0.29757083333333334,Mr,7.1417
129,1,3,"Peter, Miss. Anna",female,28.0,1,1,2668,22.3583,C,False,0.7985107142857143,Miss,7.452766666666666
130,0,3,"Ekstrom, Mr. Johan",male,45.0,0,0,347061,6.975,S,False,0.155,Mr,6.975
131,0,3,"Drazenoic, Mr. Jozef",male,33.0,0,0,349241,7.8958,C,False,0.23926666666666668,Mr,7.8958
132,0,3,"Coelho, Mr. Domingos Fernandeo",male,20.0,0,0,SOTON/O.Q. 3101307,7.05,S,False,0.3525,Mr,7.05
133,0,3,"Robins, Mrs. Alexander A (Grace Charity Laury)",female,47.0,1,0,A/5. 3337,14.5,S,False,0.30851063829787234,Mrs,7.25
134,1,2,"Weisz, Mrs. Leopold (Mathilde Francoise Pede)",female,29.0,1,0,228414,26.0,S,False,0.896551724137931,Mrs,13.0
135,0,2,"Sobey, Mr. Samuel James Hayden",male,25.0,0,0,C.A. 29178,13.0,S,False,0.52,Mr,13.0
136,0,2,"Richard, Mr. Emile",male,23.0,0,0,SC/PARIS 2133,15.0458,C,False,0.6541652173913043,Mr,15.0458
137,1,1,"Newsom, Miss. Helen Monypeny",female,19.0,0,2,11752,26.2833,S,False,1.3833315789473684,Miss,8.7611
138,0,1,"Futrelle, Mr. Jacques Heath",male,37.0,1,0,113803,53.1,S,False,1.4351351351351351,Mr,26.55
139,0,3,"Osen, Mr. Olaf Elon",male,16.0,0,0,7534,9.2167,S,False,0.57604375,Mr,9.2167
140,0,1,"Giglio, Mr. Victor",male,24.0,0,0,PC 17593,79.2,C,False,3.3000000000000003,Mr,79.2
141,0,3,"Boulos, Mrs. Joseph (Sultana)",female,28.0,0,2,2678,15.2458,C,False,0.5444928571428571,Mrs,5.081933333333333
142,1,3,"Nysten, Miss. Anna Sofia",female,22.0,0,0,347081,7.75,S,False,0.3522727272727273,Miss,7.75
143,1,3,"Hakkarainen, Mrs. Pekka Pietari (Elin Matilda Dolck)",female,24.0,1,0,STON/O2. 3101279,15.85,S,False,0.6604166666666667,Mrs,7.925
144,0,3,"Burke, Mr. Jeremiah",male,19.0,0,0,365222,6.75,Q,False,0.35526315789473684,Mr,6.75
145,0,2,"Andrew, Mr. Edgardo Samuel",male,18.0,0,0,231945,11.5,S,False,0.6388888888888888,Mr,11.5
146,0,2,"Nicholls, Mr. Joseph Charles",male,19.0,1,1,C.A. 33112,36.75,S,False,1.9342105263157894,Mr,12.25
147,1,3,"Andersson, Mr. August Edvard (""Wennerstrom"")",male,27.0,0,0,350043,7.7958,S,False,0.28873333333333334,Mr,7.7958
148,0,3,"Ford, Miss. Robina Maggie ""Ruby""",female,9.0,2,2,W./C. 6608,34.375,S,True,3.8194444444444446,Miss,6.875
149,0,2,"Navratil, Mr. Michel (""Louis M Hoffman"")",male,36.5,0,2,230080,26.0,S,False,0.7123287671232876,Mr,8.666666666666666
150,0,2,"Byles, Rev. Thomas Roussel Davids",male,42.0,0,0,244310,13.0,S,False,0.30952380952380953,Rev,13.0
151,0,2,"Bateman, Rev. Robert James",male,51.0,0,0,S.O.P. 1166,12.525,S,False,0.24558823529411766,Rev,12.525
152,1,1,"Pears, Mrs. Thomas (Edith Wearne)",female,22.0,1,0,113776,66.6,S,False,3.027272727272727,Mrs,33.3
153,0,3,"Meo, Mr. Alfonzo",male,55.5,0,0,A.5. 11206,8.05,S,False,0.14504504504504506,Mr,8.05
154,0,3,"van Billiard, Mr. Austin Blyler",male,40.5,0,2,A/5. 851,14.5,S,False,0.35802469135802467,Mr,4.833333333333333
155,0,3,"Olsen, Mr. Ole Martin",male,28.0,0,0,Fa 265302,7.3125,S,False,0.2611607142857143,Mr,7.3125
156,0,1,"Williams, Mr. Charles Duane",male,51.0,0,1,PC 17597,61.3792,C,False,1.203513725490196,Mr,30.6896
157,1,3,"Gilnagh, Miss. Katherine ""Katie""",female,16.0,0,0,35851,7.7333,Q,False,0.48333125,Miss,7.7333
158,0,3,"Corn, Mr. Harry",male,30.0,0,0,SOTON/OQ 392090,8.05,S,False,0.26833333333333337,Mr,8.05
159,0,3,"Smiljanic, Mr. Mile",male,28.0,0,0,315037,8.6625,S,False,0.309375,Mr,8.6625
160,0,3,"Sage, Master. Thomas Henry",male,28.0,8,2,CA. 2343,69.55,S,False,2.4839285714285713,Master,6.322727272727272
161,0,3,"Cribb, Mr. John Hatfield",male,44.0,0,1,371362,16.1,S,False,0.36590909090909096,Mr,8.05
162,1,2,"Watt, Mrs. James (Elizabeth ""Bessie"" Inglis Milne)",female,40.0,0,0,C.A. 33595,15.75,S,False,0.39375,Mrs,15.75
163,0,3,"Bengtsson, Mr. John Viktor",male,26.0,0,0,347068,7.775,S,False,0.29903846153846153,Mr,7.775
164,0,3,"Calic, Mr. Jovo",male,17.0,0,0,315093,8.6625,S,False,0.5095588235294117,Mr,8.6625
165,0,3,"Panula, Master. Eino Viljami",male,1.0,4,1,3101295,39.6875,S,True,39.6875,Master,6.614583333333333
166,1,3,"Goldsmith, Master. Frank John William ""Frankie""",male,9.0,0,2,363291,20.525,S,True,2.2805555555555554,Master,6.841666666666666
167,1,1,"Chibnall, Mrs. (Edith Martha Bowerman)",female,28.0,0,1,113505,55.0,S,False,1.9642857142857142,Mrs,27.5
168,0,3,"Skoog, Mrs. William (Anna Bernhardina Karlsson)",female,45.0,1,4,347088,27.9,S,False,0.62,Mrs,4.6499999999999995
169,0,1,"Baumann, Mr. John D",male,28.0,0,0,PC 17318,25.925,S,False,0.9258928571428572,Mr,25.925
170,0,3,"Ling, Mr. Lee",male,28.0,0,0,1601,56.4958,S,False,2.017707142857143,Mr,56.4958
171,0,1,"Van der hoef, Mr. Wyckoff",male,61.0,0,0,111240,33.5,S,False,0.5491803278688525,Mr,33.5
172,0,3,"Rice, Master. Arthur",male,4.0,4,1,382652,29.125,Q,True,7.28125,Master,4.854166666666667
173,1,3,"Johnson, Miss. Eleanor Ileen",female,1.0,1,1,347742,11.1333,S,True,11.1333,Miss,3.7111
174,0,3,"Sivola, Mr. Antti Wilhelm",male,21.0,0,0,STON/O 2. 3101280,7.925,S,False,0.3773809523809524,Mr,7.925
175,0,1,"Smith, Mr. James Clinch",male,56.0,0,0,17764,30.6958,C,False,0.5481392857142857,Mr,30.6958
176,0,3,"Klasen, Mr. Klas Albin",male,18.0,1,1,350404,7.8542,S,False,0.4363444444444444,Mr,2.6180666666666665
177,0,3,"Lefebre, Master. Henry Forbes",male,28.0,3,1,4133,25.4667,S,False,0.909525,Master,5.0933399999999995
178,0,1,"Isham, Miss. Ann Elizabeth",female,50.0,0,0,PC 17595,28.7125,C,False,0.5742499999999999,Miss,28.7125
179,0,2,"Hale, Mr. Reginald",male,30.0,0,0,250653,13.0,S,False,0.43333333333333335,Mr,13.0
180,0,3,"Leonard, Mr. Lionel",male,36.0,0,0,LINE,0.0,S,False,0.0,Mr,0.0
181,0,3,"Sage, Miss. Constance Gladys",female,28.0,8,2,CA. 2343,69.55,S,False,2.4839285714285713,Miss,6.322727272727272
182,0,2,"Pernot, Mr. Rene",male,28.0,0,0,SC/PARIS 2131,15.05,C,False,0.5375,Mr,15.05
183,0,3,"Asplund, Master. Clarence Gustaf Hugo",male,9.0,4,2,347077,31.3875,S,True,3.4875,Master,4.483928571428572
184,1,2,"Becker, Master. Richard F",male,1.0,2,1,230136,39.0,S,True,39.0,Master,9.75
185,1,3,"Kink-Heilmann, Miss. Luise Gretchen",female,4.0,0,2,315153,22.025,S,True,5.50625,Miss,7.341666666666666
186,0,1,"Rood, Mr. Hugh Roscoe",male,28.0,0,0,113767,50.0,S,False,1.7857142857142858,Mr,50.0
187,1,3,"O'Brien, Mrs. Thomas (Johanna ""Hannah"" Godfrey)",female,28.0,1,0,370365,15.5,Q,False,0.5535714285714286,Mrs,7.75
188,1,1,"Romaine, Mr. Charles Hallace (""Mr C Rolmane"")",male,45.0,0,0,111428,26.55,S,False,0.59,Mr,26.55
189,0,3,"Bourke, Mr. John",male,40.0,1,1,364849,15.5,Q,False,0.3875,Mr,5.166666666666667
190,0,3,"Turcin, Mr. Stjepan",male,36.0,0,0,349247,7.8958,S,False,0.2193277777777778,Mr,7.8958
191,1,2,"Pinsky, Mrs. (Rosa)",female,32.0,0,0,234604,13.0,S,False,0.40625,Mrs,13.0
192,0,2,"Carbines, Mr. William",male,19.0,0,0,28424,13.0,S,False,0.6842105263157895,Mr,13.0
193,1,3,"Andersen-Jensen, Miss. Carla Christine Nielsine",female,19.0,1,0,350046,7.8542,S,False,0.413378947368421,Miss,3.9271
194,1,2,"Navratil, Master. Michel M",male,3.0,1,1,230080,26.0,S,True,8.666666666666666,Master,8.666666666666666
195,1,1,"Brown, Mrs. James Joseph (Margaret Tobin)",female,44.0,0,0,PC 17610,27.7208,C,False,0.6300181818181818,Mrs,27.7208
196,1,1,"Lurette, Miss. Elise",female,58.0,0,0,PC 17569,146.5208,C,False,2.5262206896551724,Miss,146.5208
197,0,3,"Mernagh, Mr. Robert",male,28.0,0,0,368703,7.75,Q,False,0.2767857142857143,Mr,7.75
198,0,3,"Olsen, Mr. Karl Siegwart Andreas",male,42.0,0,1,4579,8.4042,S,False,0.2001,Mr,4.2021
199,1,3,"Madigan, Miss. Margaret ""Maggie""",female,28.0,0,0,370370,7.75,Q,False,0.2767857142857143,Miss,7.75
200,0,2,"Yrois, Miss. Henriette (""Mrs Harbeck"")",female,24.0,0,0,248747,13.0,S,False,0.5416666666666666,Miss,13.0
201,0,3,"Vande Walle, Mr. Nestor Cyriel",male,28.0,0,0,345770,9.5,S,False,0.3392857142857143,Mr,9.5
202,0,3,"Sage, Mr. Frederick",male,28.0,8,2,CA. 2343,69.55,S,False,2.4839285714285713,Mr,6.322727272727272
203,0,3,"Johanson, Mr. Jakob Alfred",male,34.0,0,0,3101264,6.4958,S,False,0.1910529411764706,Mr,6.4958
204,0,3,"Youseff, Mr. Gerious",male,45.5,0,0,2628,7.225,C,False,0.15879120879120878,Mr,7.225
205,1,3,"Cohen, Mr. Gurshon ""Gus""",male,18.0,0,0,A/5 3540,8.05,S,False,0.44722222222222224,Mr,8.05
206,0,3,"Strom, Miss. Telma Matilda",female,2.0,0,1,347054,10.4625,S,True,5.23125,Miss,5.23125
207,0,3,"Backstrom, Mr. Karl Alfred",male,32.0,1,0,3101278,15.85,S,False,0.4953125,Mr,7.925
208,1,3,"Albimona, Mr. Nassef Cassem",male,26.0,0,0,2699,18.7875,C,False,0.7225961538461539,Mr,18.7875
209,1,3,"Carr, Miss. Helen ""Ellen""",female,16.0,0,0,367231,7.75,Q,False,0.484375,Miss,7.75
210,1,1,"Blank, Mr. Henry",male,40.0,0,0,112277,31.0,C,False,0.775,Mr,31.0
211,0,3,"Ali, Mr. Ahmed",male,24.0,0,0,SOTON/O.Q. 3101311,7.05,S,False,0.29375,Mr,7.05
212,1,2,"Cameron, Miss. Clear Annie",female,35.0,0,0,F.C.C. 13528,21.0,S,False,0.6,Miss,21.0
213,0,3,"Perkin, Mr. John Henry",male,22.0,0,0,A/5 21174,7.25,S,False,0.32954545454545453,Mr,7.25
214,0,2,"Givard, Mr. Hans Kristensen",male,30.0,0,0,250646,13.0,S,False,0.43333333333333335,Mr,13.0
215,0,3,"Kiernan, Mr. Philip",male,28.0,1,0,367229,7.75,Q,False,0.2767857142857143,Mr,3.875
216,1,1,"Newell, Miss. Madeleine",female,31.0,1,0,35273,113.275,C,False,3.6540322580645164,Miss,56.6375
217,1,3,"Honkanen, Miss. Eliina",female,27.0,0,0,STON/O2. 3101283,7.925,S,False,0.2935185185185185,Miss,7.925
218,0,2,"Jacobsohn, Mr. Sidney Samuel",male,42.0,1,0,243847,27.0,S,False,0.6428571428571429,Mr,13.5
219,1,1,"Bazzani, Miss. Albina",female,32.0,0,0,11813,76.2917,C,False,2.384115625,Miss,76.2917
220,0,2,"Harris, Mr. Walter",male,30.0,0,0,W/C 14208,10.5,S,False,0.35,Mr,10.5
221,1,3,"Sunderland, Mr. Victor Francis",male,16.0,0,0,SOTON/OQ 392089,8.05,S,False,0.503125,Mr,8.05
222,0,2,"Bracken, Mr. James H",male,27.0,0,0,220367,13.0,S,False,0.48148148148148145,Mr,13.0
223,0,3,"Green, Mr. George Henry",male,51.0,0,0,21440,8.05,S,False,0.15784313725490198,Mr,8.05
224,0,3,"Nenkoff, Mr. Christo",male,28.0,0,0,349234,7.8958,S,False,0.28199285714285716,Mr,7.8958
225,1,1,"Hoyt, Mr. Frederick Maxfield",male,38.0,1,0,19943,90.0,S,False,2.3684210526315788,Mr,45.0
226,0,3,"Berglund, Mr. Karl Ivar Sven",male,22.0,0,0,PP 4348,9.35,S,False,0.425,Mr,9.35
227,1,2,"Mellors, Mr. William John",male,19.0,0,0,SW/PP 751,10.5,S,False,0.5526315789473685,Mr,10.5
228,0,3,"Lovell, Mr. John Hall (""Henry"")",male,20.5,0,0,A/5 21173,7.25,S,False,0.35365853658536583,Mr,7.25
229,0,2,"Fahlstrom, Mr. Arne Jonas",male,18.0,0,0,236171,13.0,S,False,0.7222222222222222,Mr,13.0
230,0,3,"Lefebre, Miss. Mathilde",female,28.0,3,1,4133,25.4667,S,False,0.909525,Miss,5.0933399999999995
231,1,1,"Harris, Mrs. Henry Birkhardt (Irene Wallach)",female,35.0,1,0,36973,83.475,S,False,2.385,Mrs,41.7375
232,0,3,"Larsson, Mr. Bengt Edvin",male,29.0,0,0,347067,7.775,S,False,0.2681034482758621,Mr,7.775
233,0,2,"Sjostedt, Mr. Ernst Adolf",male,59.0,0,0,237442,13.5,S,False,0.2288135593220339,Mr,13.5
234,1,3,"Asplund, Miss. Lillian Gertrud",female,5.0,4,2,347077,31.3875,S,True,6.2775,Miss,4.483928571428572
235,0,2,"Leyson, Mr. Robert William Norman",male,24.0,0,0,C.A. 29566,10.5,S,False,0.4375,Mr,10.5
236,0,3,"Harknett, Miss. Alice Phoebe",female,28.0,0,0,W./C. 6609,7.55,S,False,0.26964285714285713,Miss,7.55
237,0,2,"Hold, Mr. Stephen",male,44.0,1,0,26707,26.0,S,False,0.5909090909090909,Mr,13.0
238,1,2,"Collyer, Miss. Marjorie ""Lottie""",female,8.0,0,2,C.A. 31921,26.25,S,True,3.28125,Miss,8.75
239,0,2,"Pengelly, Mr. Frederick William",male,19.0,0,0,28665,10.5,S,False,0.5526315789473685,Mr,10.5
240,0,2,"Hunt, Mr. George Henry",male,33.0,0,0,SCO/W 1585,12.275,S,False,0.371969696969697,Mr,12.275
241,0,3,"Zabour, Miss. Thamine",female,28.0,1,0,2665,14.4542,C,False,0.5162214285714286,Miss,7.2271
242,1,3,"Murphy, Miss. Katherine ""Kate""",female,28.0,1,0,367230,15.5,Q,False,0.5535714285714286,Miss,7.75
243,0,2,"Coleridge, Mr. Reginald Charles",male,29.0,0,0,W./C. 14263,10.5,S,False,0.3620689655172414,Mr,10.5
244,0,3,"Maenpaa, Mr. Matti Alexanteri",male,22.0,0,0,STON/O 2. 3101275,7.125,S,False,0.32386363636363635,Mr,7.125
245,0,3,"Attalah, Mr. Sleiman",male,30.0,0,0,2694,7.225,C,False,0.24083333333333332,Mr,7.225
246,0,1,"Minahan, Dr. William Edward",male,44.0,2,0,19928,90.0,Q,False,2.0454545454545454,Dr,30.0
247,0,3,"Lindahl, Miss. Agda Thorilda Viktoria",female,25.0,0,0,347071,7.775,S,False,0.311,Miss,7.775
248,1,2,"Hamalainen, Mrs. William (Anna)",female,24.0,0,2,250649,14.5,S,False,0.6041666666666666,Mrs,4.833333333333333
249,1,1,"Beckwith, Mr. Richard Leonard",male,37.0,1,1,11751,52.5542,S,False,1.4203837837837838,Mr,17.518066666666666
250,0,2,"Carter, Rev. Ernest Courtenay",male,54.0,1,0,244252,26.0,S,False,0.48148148148148145,Rev,13.0
251,0,3,"Reed, Mr. James George",male,28.0,0,0,362316,7.25,S,False,0.25892857142857145,Mr,7.25
252,0,3,"Strom, Mrs. Wilhelm (Elna Matilda Persson)",female,29.0,1,1,347054,10.4625,S,False,0.3607758620689655,Mrs,3.4875000000000003
253,0,1,"Stead, Mr. William Thomas",male,62.0,0,0,113514,26.55,S,False,0.4282258064516129,Mr,26.55
254,0,3,"Lobb, Mr. William Arthur",male,30.0,1,0,A/5. 3336,16.1,S,False,0.5366666666666667,Mr,8.05
255,0,3,"Rosblom, Mrs. Viktor (Helena Wilhelmina)",female,41.0,0,2,370129,20.2125,S,False,0.4929878048780487,Mrs,6.7375
256,1,3,"Touma, Mrs. Darwis (Hanne Youssef Razi)",female,29.0,0,2,2650,15.2458,C,False,0.5257172413793103,Mrs,5.081933333333333
257,1,1,"Thorne, Mrs. Gertrude Maybelle",female,28.0,0,0,PC 17585,79.2,C,False,2.8285714285714287,Mrs,79.2
258,1,1,"Cherry, Miss. Gladys",female,30.0,0,0,110152,86.5,S,False,2.8833333333333333,Miss,86.5
259,1,1,"Ward, Miss. Anna",female,35.0,0,0,PC 17755,512.3292,C,False,14.637977142857144,Miss,512.3292
260,1,2,"Parrish, Mrs. (Lutie Davis)",female,50.0,0,1,230433,26.0,S,False,0.52,Mrs,13.0
261,0,3,"Smith, Mr. Thomas",male,28.0,0,0,384461,7.75,Q,False,0.2767857142857143,Mr,7.75
262,1,3,"Asplund, Master. Edvin Rojj Felix",male,3.0,4,2,347077,31.3875,S,True,10.4625,Master,4.483928571428572
263,0,1,"Taussig, Mr. Emil",male,52.0,1,1,110413,79.65,S,False,1.5317307692307693,Mr,26.55
264,0,1,"Harrison, Mr. William",male,40.0,0,0,112059,0.0,S,False,0.0,Mr,0.0
265,0,3,"Henry, Miss. Delia",female,28.0,0,0,382649,7.75,Q,False,0.2767857142857143,Miss,7.75
266,0,2,"Reeves, Mr. David",male,36.0,0,0,C.A. 17248,10.5,S,False,0.2916666666666667,Mr,10.5
267,0,3,"Panula, Mr. Ernesti Arvid",male,16.0,4,1,3101295,39.6875,S,False,2.48046875,Mr,6.614583333333333
268,1,3,"Persson, Mr. Ernst Ulrik",male,25.0,1,0,347083,7.775,S,False,0.311,Mr,3.8875
269,1,1,"Graham, Mrs. William Thompson (Edith Junkins)",female,58.0,0,1,PC 17582,153.4625,S,False,2.6459051724137934,Mrs,76.73125
270,1,1,"Bissette, Miss. Amelia",female,35.0,0,0,PC 17760,135.6333,S,False,3.875237142857143,Miss,135.6333
271,0,1,"Cairns, Mr. Alexander",male,28.0,0,0,113798,31.0,S,False,1.1071428571428572,Mr,31.0
272,1,3,"Tornquist, Mr. William Henry",male,25.0,0,0,LINE,0.0,S,False,0.0,Mr,0.0
273,1,2,"Mellinger, Mrs. (Elizabeth Anne Maidment)",female,41.0,0,1,250644,19.5,S,False,0.47560975609756095,Mrs,9.75
274,0,1,"Natsch, Mr. Charles H",male,37.0,0,1,PC 17596,29.7,C,False,0.8027027027027027,Mr,14.85
275,1,3,"Healy, Miss. Hanora ""Nora""",female,28.0,0,0,370375,7.75,Q,False,0.2767857142857143,Miss,7.75
276,1,1,"Andrews, Miss. Kornelia Theodosia",female,63.0,1,0,13502,77.9583,S,False,1.2374333333333332,Miss,38.97915
277,0,3,"Lindblom, Miss. Augusta Charlotta",female,45.0,0,0,347073,7.75,S,False,0.17222222222222222,Miss,7.75
278,0,2,"Parkes, Mr. Francis ""Frank""",male,28.0,0,0,239853,0.0,S,False,0.0,Mr,0.0
279,0,3,"Rice, Master. Eric",male,7.0,4,1,382652,29.125,Q,True,4.160714285714286,Master,4.854166666666667
280,1,3,"Abbott, Mrs. Stanton (Rosa Hunt)",female,35.0,1,1,C.A. 2673,20.25,S,False,0.5785714285714286,Mrs,6.75
281,0,3,"Duane, Mr. Frank",male,65.0,0,0,336439,7.75,Q,False,0.11923076923076924,Mr,7.75
282,0,3,"Olsson, Mr. Nils Johan Goransson",male,28.0,0,0,347464,7.8542,S,False,0.28050714285714284,Mr,7.8542
283,0,3,"de Pelsmaeker, Mr. Alfons",male,16.0,0,0,345778,9.5,S,False,0.59375,Mr,9.5
284,1,3,"Dorking, Mr. Edward Arthur",male,19.0,0,0,A/5. 10482,8.05,S,False,0.42368421052631583,Mr,8.05
285,0,1,"Smith, Mr. Richard William",male,28.0,0,0,113056,26.0,S,False,0.9285714285714286,Mr,26.0
286,0,3,"Stankovic, Mr. Ivan",male,33.0,0,0,349239,8.6625,C,False,0.2625,Mr,8.6625
287,1,3,"de Mulder, Mr. Theodore",male,30.0,0,0,345774,9.5,S,False,0.31666666666666665,Mr,9.5
288,0,3,"Naidenoff, Mr. Penko",male,22.0,0,0,349206,7.8958,S,False,0.3589,Mr,7.8958
289,1,2,"Hosono, Mr. Masabumi",male,42.0,0,0,237798,13.0,S,False,0.30952380952380953,Mr,13.0
290,1,3,"Connolly, Miss. Kate",female,22.0,0,0,370373,7.75,Q,False,0.3522727272727273,Miss,7.75
291,1,1,"Barber, Miss. Ellen ""Nellie""",female,26.0,0,0,19877,78.85,S,False,3.0326923076923076,Miss,78.85
292,1,1,"Bishop, Mrs. Dickinson H (Helen Walton)",female,19.0,1,0,11967,91.0792,C,False,4.7936421052631575,Mrs,45.5396
293,0,2,"Levy, Mr. Rene Jacques",male,36.0,0,0,SC/Paris 2163,12.875,C,False,0.3576388888888889,Mr,12.875
294,0,3,"Haas, Miss. Aloisia",female,24.0,0,0,349236,8.85,S,False,0.36874999999999997,Miss,8.85
295,0,3,"Mineff, Mr. Ivan",male,24.0,0,0,349233,7.8958,S,False,0.3289916666666667,Mr,7.8958
296,0,1,"Lewy, Mr. Ervin G",male,28.0,0,0,PC 17612,27.7208,C,False,0.9900285714285715,Mr,27.7208
297,0,3,"Hanna, Mr. Mansour",male,23.5,0,0,2693,7.2292,C,False,0.3076255319148936,Mr,7.2292
298,0,1,"Allison, Miss. Helen Loraine",female,2.0,1,2,113781,151.55,S,True,75.775,Miss,37.8875
299,1,1,"Saalfeld, Mr. Adolphe",male,28.0,0,0,19988,30.5,S,False,1.0892857142857142,Mr,30.5
300,1,1,"Baxter, Mrs. James (Helene DeLaudeniere Chaput)",female,50.0,0,1,PC 17558,247.5208,C,False,4.950416000000001,Mrs,123.7604
301,1,3,"Kelly, Miss. Anna Katherine ""Annie Kate""",female,28.0,0,0,9234,7.75,Q,False,0.2767857142857143,Miss,7.75
302,1,3,"McCoy, Mr. Bernard",male,28.0,2,0,367226,23.25,Q,False,0.8303571428571429,Mr,7.75
303,0,3,"Johnson, Mr. William Cahoone Jr",male,19.0,0,0,LINE,0.0,S,False,0.0,Mr,0.0
304,1,2,"Keane, Miss. Nora A",female,28.0,0,0,226593,12.35,Q,False,0.44107142857142856,Miss,12.35
305,0,3,"Williams, Mr. Howard Hugh ""Harry""",male,28.0,0,0,A/5 2466,8.05,S,False,0.28750000000000003,Mr,8.05
306,1,1,"Allison, Master. Hudson Trevor",male,0.92,1,2,113781,151.55,S,True,164.72826086956522,Master,37.8875
307,1,1,"Fleming, Miss. Margaret",female,28.0,0,0,17421,110.8833,C,False,3.9601178571428575,Miss,110.8833
308,1,1,"Penasco y Castellana, Mrs. Victor de Satode (Maria Josefa Perez de Soto y Vallejo)",female,17.0,1,0,PC 17758,108.9,C,False,6.405882352941177,Mrs,54.45
309,0,2,"Abelson, Mr. Samuel",male,30.0,1,0,P/PP 3381,24.0,C,False,0.8,Mr,12.0
310,1,1,"Francatelli, Miss. Laura Mabel",female,30.0,0,0,PC 17485,56.9292,C,False,1.89764,Miss,56.9292
311,1,1,"Hays, Miss. Margaret Bechstein",female,24.0,0,0,11767,83.1583,C,False,3.4649291666666664,Miss,83.1583
312,1,1,"Ryerson, Miss. Emily Borie",female,18.0,2,2,PC 17608,262.375,C,False,14.57638888888889,Miss,52.475
313,0,2,"Lahtinen, Mrs. William (Anna Sylfven)",female,26.0,1,1,250651,26.0,S,False,1.0,Mrs,8.666666666666666
314,0,3,"Hendekovic, Mr. Ignjac",male,28.0,0,0,349243,7.8958,S,False,0.28199285714285716,Mr,7.8958
315,0,2,"Hart, Mr. Benjamin",male,43.0,1,1,F.C.C. 13529,26.25,S,False,0.6104651162790697,Mr,8.75
316,1,3,"Nilsson, Miss. Helmina Josefina",female,26.0,0,0,347470,7.8542,S,False,0.3020846153846154,Miss,7.8542
317,1,2,"Kantor, Mrs. Sinai (Miriam Sternin)",female,24.0,1,0,244367,26.0,S,False,1.0833333333333333,Mrs,13.0
318,0,2,"Moraweck, Dr. Ernest",male,54.0,0,0,29011,14.0,S,False,0.25925925925925924,Dr,14.0
319,1,1,"Wick, Miss. Mary Natalie",female,31.0,0,2,36928,164.8667,S,False,5.31828064516129,Miss,54.95556666666667
320,1,1,"Spedden, Mrs. Frederic Oakley (Margaretta Corning Stone)",female,40.0,1,1,16966,134.5,C,False,3.3625,Mrs,44.833333333333336
321,0,3,"Dennis, Mr. Samuel",male,22.0,0,0,A/5 21172,7.25,S,False,0.32954545454545453,Mr,7.25
322,0,3,"Danoff, Mr. Yoto",male,27.0,0,0,349219,7.8958,S,False,0.29243703703703705,Mr,7.8958
323,1,2,"Slayter, Miss. Hilda Mary",female,30.0,0,0,234818,12.35,Q,False,0.4116666666666667,Miss,12.35
324,1,2,"Caldwell, Mrs. Albert Francis (Sylvia Mae Harbaugh)",female,22.0,1,1,248738,29.0,S,False,1.3181818181818181,Mrs,9.666666666666666
325,0,3,"Sage, Mr. George John Jr",male,28.0,8,2,CA. 2343,69.55,S,False,2.4839285714285713,Mr,6.322727272727272
326,1,1,"Young, Miss. Marie Grice",female,36.0,0,0,PC 17760,135.6333,C,False,3.7675916666666662,Miss,135.6333
327,0,3,"Nysveen, Mr. Johan Hansen",male,61.0,0,0,345364,6.2375,S,False,0.10225409836065573,Mr,6.2375
328,1,2,"Ball, Mrs. (Ada E Hall)",female,36.0,0,0,28551,13.0,S,False,0.3611111111111111,Mrs,13.0
329,1,3,"Goldsmith, Mrs. Frank John (Emily Alice Brown)",female,31.0,1,1,363291,20.525,S,False,0.6620967741935483,Mrs,6.841666666666666
330,1,1,"Hippach, Miss. Jean Gertrude",female,16.0,0,1,111361,57.9792,C,False,3.6237,Miss,28.9896
331,1,3,"McCoy, Miss. Agnes",female,28.0,2,0,367226,23.25,Q,False,0.8303571428571429,Miss,7.75
332,0,1,"Partner, Mr. Austen",male,45.5,0,0,113043,28.5,S,False,0.6263736263736264,Mr,28.5
333,0,1,"Graham, Mr. George Edward",male,38.0,0,1,PC 17582,153.4625,S,False,4.0384868421052635,Mr,76.73125
334,0,3,"Vander Planke, Mr. Leo Edmondus",male,16.0,2,0,345764,18.0,S,False,1.125,Mr,6.0
335,1,1,"Frauenthal, Mrs. Henry William (Clara Heinsheimer)",female,28.0,1,0,PC 17611,133.65,S,False,4.773214285714286,Mrs,66.825
336,0,3,"Denkoff, Mr. Mitto",male,28.0,0,0,349225,7.8958,S,False,0.28199285714285716,Mr,7.8958
337,0,1,"Pears, Mr. Thomas Clinton",male,29.0,1,0,113776,66.6,S,False,2.296551724137931,Mr,33.3
338,1,1,"Burns, Miss. Elizabeth Margaret",female,41.0,0,0,16966,134.5,C,False,3.2804878048780486,Miss,134.5
339,1,3,"Dahl, Mr. Karl Edwart",male,45.0,0,0,7598,8.05,S,False,0.1788888888888889,Mr,8.05
340,0,1,"Blackwell, Mr. Stephen Weart",male,45.0,0,0,113784,35.5,S,False,0.7888888888888889,Mr,35.5
341,1,2,"Navratil, Master. Edmond Roger",male,2.0,1,1,230080,26.0,S,True,13.0,Master,8.666666666666666
342,1,1,"Fortune, Miss. Alice Elizabeth",female,24.0,3,2,19950,263.0,S,False,10.958333333333334,Miss,43.833333333333336
343,0,2,"Collander, Mr. Erik Gustaf",male,28.0,0,0,248740,13.0,S,False,0.4642857142857143,Mr,13.0
344,0,2,"Sedgwick, Mr. Charles Frederick Waddington",male,25.0,0,0,244361,13.0,S,False,0.52,Mr,13.0
345,0,2,"Fox, Mr. Stanley Hubert",male,36.0,0,0,229236,13.0,S,False,0.3611111111111111,Mr,13.0
346,1,2,"Brown, Miss. Amelia ""Mildred""",female,24.0,0,0,248733,13.0,S,False,0.5416666666666666,Miss,13.0
347,1,2,"Smith, Miss. Marion Elsie",female,40.0,0,0,31418,13.0,S,False,0.325,Miss,13.0
348,1,3,"Davison, Mrs. Thomas Henry (Mary E Finck)",female,28.0,1,0,386525,16.1,S,False,0.5750000000000001,Mrs,8.05
349,1,3,"Coutts, Master. William Loch ""William""",male,3.0,1,1,C.A. 37671,15.9,S,True,5.3,Master,5.3
350,0,3,"Dimic, Mr. Jovan",male,42.0,0,0,315088,8.6625,S,False,0.20625,Mr,8.6625
351,0,3,"Odahl, Mr. Nils Martin",male,23.0,0,0,7267,9.225,S,False,0.4010869565217391,Mr,9.225
352,0,1,"Williams-Lambert, Mr. Fletcher Fellows",male,28.0,0,0,113510,35.0,S,False,1.25,Mr,35.0
353,0,3,"Elias, Mr. Tannous",male,15.0,1,1,2695,7.2292,C,True,0.48194666666666663,Mr,2.409733333333333
354,0,3,"Arnold-Franchi, Mr. Josef",male,25.0,1,0,349237,17.8,S,False,0.7120000000000001,Mr,8.9
355,0,3,"Yousif, Mr. Wazli",male,28.0,0,0,2647,7.225,C,False,0.25803571428571426,Mr,7.225
356,0,3,"Vanden Steen, Mr. Leo Peter",male,28.0,0,0,345783,9.5,S,False,0.3392857142857143,Mr,9.5
357,1,1,"Bowerman, Miss. Elsie Edith",female,22.0,0,1,113505,55.0,S,False,2.5,Miss,27.5
358,0,2,"Funk, Miss. Annie Clemmer",female,38.0,0,0,237671,13.0,S,False,0.34210526315789475,Miss,13.0
359,1,3,"McGovern, Miss. Mary",female,28.0,0,0,330931,7.8792,Q,False,0.2814,Miss,7.8792
360,1,3,"Mockler, Miss. Helen Mary ""Ellie""",female,28.0,0,0,330980,7.8792,Q,False,0.2814,Miss,7.8792
361,0,3,"Skoog, Mr. Wilhelm",male,40.0,1,4,347088,27.9,S,False,0.6975,Mr,4.6499999999999995
362,0,2,"del Carlo, Mr. Sebastiano",male,29.0,1,0,SC/PARIS 2167,27.7208,C,False,0.9558896551724139,Mr,13.8604
363,0,3,"Barbara, Mrs. (Catherine David)",female,45.0,0,1,2691,14.4542,C,False,0.32120444444444446,Mrs,7.2271
364,0,3,"Asim, Mr. Adola",male,35.0,0,0,SOTON/O.Q. 3101310,7.05,S,False,0.20142857142857143,Mr,7.05
365,0,3,"O'Brien, Mr. Thomas",male,28.0,1,0,370365,15.5,Q,False,0.5535714285714286,Mr,7.75
366,0,3,"Adahl, Mr. Mauritz Nils Martin",male,30.0,0,0,C 7076,7.25,S,False,0.24166666666666667,Mr,7.25
367,1,1,"Warren, Mrs. Frank Manley (Anna Sophia Atkinson)",female,60.0,1,0,110813,75.25,C,False,1.2541666666666667,Mrs,37.625
368,1,3,"Moussa, Mrs. (Mantoura Boulos)",female,28.0,0,0,2626,7.2292,C,False,0.2581857142857143,Mrs,7.2292
369,1,3,"Jermyn, Miss. Annie",female,28.0,0,0,14313,7.75,Q,False,0.2767857142857143,Miss,7.75
370,1,1,"Aubart, Mme. Leontine Pauline",female,24.0,0,0,PC 17477,69.3,C,False,2.8874999999999997,Mme,69.3
371,1,1,"Harder, Mr. George Achilles",male,25.0,1,0,11765,55.4417,C,False,2.2176679999999998,Mr,27.72085
372,0,3,"Wiklund, Mr. Jakob Alfred",male,18.0,1,0,3101267,6.4958,S,False,0.3608777777777778,Mr,3.2479
373,0,3,"Beavan, Mr. William Thomas",male,19.0,0,0,323951,8.05,S,False,0.42368421052631583,Mr,8.05
374,0,1,"Ringhini, Mr. Sante",male,22.0,0,0,PC 17760,135.6333,C,False,6.16515,Mr,135.6333
375,0,3,"Palsson, Miss. Stina Viola",female,3.0,3,1,349909,21.075,S,True,7.0249999999999995,Miss,4.215
376,1,1,"Meyer, Mrs. Edgar Joseph (Leila Saks)",female,28.0,1,0,PC 17604,82.1708,C,False,2.9346714285714284,Mrs,41.0854
377,1,3,"Landergren, Miss. Aurora Adelia",female,22.0,0,0,C 7077,7.25,S,False,0.32954545454545453,Miss,7.25
378,0,1,"Widener, Mr. Harry Elkins",male,27.0,0,2,113503,211.5,C,False,7.833333333333333,Mr,70.5
379,0,3,"Betros, Mr. Tannous",male,20.0,0,0,2648,4.0125,C,False,0.200625,Mr,4.0125
380,0,3,"Gustafsson, Mr. Karl Gideon",male,19.0,0,0,347069,7.775,S,False,0.40921052631578947,Mr,7.775
381,1,1,"Bidois, Miss. Rosalie",female,42.0,0,0,PC 17757,227.525,C,False,5.417261904761905,Miss,227.525
382,1,3,"Nakid, Miss. Maria (""Mary"")",female,1.0,0,2,2653,15.7417,C,True,15.7417,Miss,5.247233333333333
383,0,3,"Tikkanen, Mr. Juho",male,32.0,0,0,STON/O 2. 3101293,7.925,S,False,0.24765625,Mr,7.925
384,1,1,"Holverson, Mrs. Alexander Oskar (Mary Aline Towner)",female,35.0,1,0,113789,52.0,S,False,1.4857142857142858,Mrs,26.0
385,0,3,"Plotcharsky, Mr. Vasil",male,28.0,0,0,349227,7.8958,S,False,0.28199285714285716,Mr,7.8958
386,0,2,"Davies, Mr. Charles Henry",male,18.0,0,0,S.O.C. 14879,73.5,S,False,4.083333333333333,Mr,73.5
387,0,3,"Goodwin, Master. Sidney Leonard",male,1.0,5,2,CA 2144,46.9,S,True,46.9,Master,5.8625
388,1,2,"Buss, Miss. Kate",female,36.0,0,0,27849,13.0,S,False,0.3611111111111111,Miss,13.0
389,0,3,"Sadlier, Mr. Matthew",male,28.0,0,0,367655,7.7292,Q,False,0.27604285714285715,Mr,7.7292
390,1,2,"Lehmann, Miss. Bertha",female,17.0,0,0,SC 1748,12.0,C,False,0.7058823529411765,Miss,12.0
391,1,1,"Carter, Mr. William Ernest",male,36.0,1,2,113760,120.0,S,False,3.3333333333333335,Mr,30.0
392,1,3,"Jansson, Mr. Carl Olof",male,21.0,0,0,350034,7.7958,S,False,0.3712285714285714,Mr,7.7958
393,0,3,"Gustafsson, Mr. Johan Birger",male,28.0,2,0,3101277,7.925,S,False,0.2830357142857143,Mr,2.6416666666666666
394,1,1,"Newell, Miss. Marjorie",female,23.0,1,0,35273,113.275,C,False,4.925,Miss,56.6375
395,1,3,"Sandstrom, Mrs. Hjalmar (Agnes Charlotta Bengtsson)",female,24.0,0,2,PP 9549,16.7,S,False,0.6958333333333333,Mrs,5.566666666666666
396,0,3,"Johansson, Mr. Erik",male,22.0,0,0,350052,7.7958,S,False,0.3543545454545454,Mr,7.7958
397,0,3,"Olsson, Miss. Elina",female,31.0,0,0,350407,7.8542,S,False,0.25336129032258065,Miss,7.8542
398,0,2,"McKane, Mr. Peter David",male,46.0,0,0,28403,26.0,S,False,0.5652173913043478,Mr,26.0
399,0,2,"Pain, Dr. Alfred",male,23.0,0,0,244278,10.5,S,False,0.45652173913043476,Dr,10.5
400,1,2,"Trout, Mrs. William H (Jessie L)",female,28.0,0,0,240929,12.65,S,False,0.4517857142857143,Mrs,12.65
401,1,3,"Niskanen, Mr. Juha",male,39.0,0,0,STON/O 2. 3101289,7.925,S,False,0.2032051282051282,Mr,7.925
402,0,3,"Adams, Mr. John",male,26.0,0,0,341826,8.05,S,False,0.3096153846153846,Mr,8.05
403,0,3,"Jussila, Miss. Mari Aina",female,21.0,1,0,4137,9.825,S,False,0.4678571428571428,Miss,4.9125
404,0,3,"Hakkarainen, Mr. Pekka Pietari",male,28.0,1,0,STON/O2. 3101279,15.85,S,False,0.5660714285714286,Mr,7.925
405,0,3,"Oreskovic, Miss. Marija",female,20.0,0,0,315096,8.6625,S,False,0.433125,Miss,8.6625
406,0,2,"Gale, Mr. Shadrach",male,34.0,1,0,28664,21.0,S,False,0.6176470588235294,Mr,10.5
407,0,3,"Widegren, Mr. Carl/Charles Peter",male,51.0,0,0,347064,7.75,S,False,0.15196078431372548,Mr,7.75
408,1,2,"Richards, Master. William Rowe",male,3.0,1,1,29106,18.75,S,True,6.25,Master,6.25
409,0,3,"Birkeland, Mr. Hans Martin Monsen",male,21.0,0,0,312992,7.775,S,False,0.37023809523809526,Mr,7.775
410,0,3,"Lefebre, Miss. Ida",female,28.0,3,1,4133,25.4667,S,False,0.909525,Miss,5.0933399999999995
411,0,3,"Sdycoff, Mr. Todor",male,28.0,0,0,349222,7.8958,S,False,0.28199285714285716,Mr,7.8958
412,0,3,"Hart, Mr. Henry",male,28.0,0,0,394140,6.8583,Q,False,0.24493928571428572,Mr,6.8583
413,1,1,"Minahan, Miss. Daisy E",female,33.0,1,0,19928,90.0,Q,False,2.727272727272727,Miss,45.0
414,0,2,"Cunningham, Mr. Alfred Fleming",male,28.0,0,0,239853,0.0,S,False,0.0,Mr,0.0
415,1,3,"Sundman, Mr. Johan Julian",male,44.0,0,0,STON/O 2. 3101269,7.925,S,False,0.18011363636363636,Mr,7.925
416,0,3,"Meek, Mrs. Thomas (Annie Louise Rowley)",female,28.0,0,0,343095,8.05,S,False,0.28750000000000003,Mrs,8.05
417,1,2,"Drew, Mrs. James Vivian (Lulu Thorne Christian)",female,34.0,1,1,28220,32.5,S,False,0.9558823529411765,Mrs,10.833333333333334
418,1,2,"Silven, Miss. Lyyli Karoliina",female,18.0,0,2,250652,13.0,S,False,0.7222222222222222,Miss,4.333333333333333
419,0,2,"Matthews, Mr. William John",male,30.0,0,0,28228,13.0,S,False,0.43333333333333335,Mr,13.0
420,0,3,"Van Impe, Miss. Catharina",female,10.0,0,2,345773,24.15,S,True,2.415,Miss,8.049999999999999
421,0,3,"Gheorgheff, Mr. Stanio",male,28.0,0,0,349254,7.8958,C,False,0.28199285714285716,Mr,7.8958
422,0,3,"Charters, Mr. David",male,21.0,0,0,A/5. 13032,7.7333,Q,False,0.36825238095238094,Mr,7.7333
423,0,3,"Zimmerman, Mr. Leo",male,29.0,0,0,315082,7.875,S,False,0.27155172413793105,Mr,7.875
424,0,3,"Danbom, Mrs. Ernst Gilbert (Anna Sigrid Maria Brogren)",female,28.0,1,1,347080,14.4,S,False,0.5142857142857143,Mrs,4.8
425,0,3,"Rosblom, Mr. Viktor Richard",male,18.0,1,1,370129,20.2125,S,False,1.1229166666666666,Mr,6.7375
426,0,3,"Wiseman, Mr. Phillippe",male,28.0,0,0,A/4. 34244,7.25,S,False,0.25892857142857145,Mr,7.25
427,1,2,"Clarke, Mrs. Charles V (Ada Maria Winfield)",female,28.0,1,0,2003,26.0,S,False,0.9285714285714286,Mrs,13.0
428,1,2,"Phillips, Miss. Kate Florence (""Mrs Kate Louise Phillips Marshall"")",female,19.0,0,0,250655,26.0,S,False,1.368421052631579,Miss,26.0
429,0,3,"Flynn, Mr. James",male,28.0,0,0,364851,7.75,Q,False,0.2767857142857143,Mr,7.75
430,1,3,"Pickard, Mr. Berk (Berk Trembisky)",male,32.0,0,0,SOTON/O.Q. 392078,8.05,S,False,0.2515625,Mr,8.05
431,1,1,"Bjornstrom-Steffansson, Mr. Mauritz Hakan",male,28.0,0,0,110564,26.55,S,False,0.9482142857142858,Mr,26.55
432,1,3,"Thorneycroft, Mrs. Percival (Florence Kate White)",female,28.0,1,0,376564,16.1,S,False,0.5750000000000001,Mrs,8.05
433,1,2,"Louch, Mrs. Charles Alexander (Alice Adelaide Slow)",female,42.0,1,0,SC/AH 3085,26.0,S,False,0.6190476190476191,Mrs,13.0
434,0,3,"Kallio, Mr. Nikolai Erland",male,17.0,0,0,STON/O 2. 3101274,7.125,S,False,0.41911764705882354,Mr,7.125
435,0,1,"Silvey, Mr. William Baird",male,50.0,1,0,13507,55.9,S,False,1.1179999999999999,Mr,27.95
436,1,1,"Carter, Miss. Lucile Polk",female,14.0,1,2,113760,120.0,S,True,8.571428571428571,Miss,30.0
437,0,3,"Ford, Miss. Doolina Margaret ""Daisy""",female,21.0,2,2,W./C. 6608,34.375,S,False,1.6369047619047619,Miss,6.875
438,1,2,"Richards, Mrs. Sidney (Emily Hocking)",female,24.0,2,3,29106,18.75,S,False,0.78125,Mrs,3.125
439,0,1,"Fortune, Mr. Mark",male,64.0,1,4,19950,263.0,S,False,4.109375,Mr,43.833333333333336
440,0,2,"Kvillner, Mr. Johan Henrik Johannesson",male,31.0,0,0,C.A. 18723,10.5,S,False,0.3387096774193548,Mr,10.5
441,1,2,"Hart, Mrs. Benjamin (Esther Ada Bloomfield)",female,45.0,1,1,F.C.C. 13529,26.25,S,False,0.5833333333333334,Mrs,8.75
442,0,3,"Hampe, Mr. Leon",male,20.0,0,0,345769,9.5,S,False,0.475,Mr,9.5
443,0,3,"Petterson, Mr. Johan Emil",male,25.0,1,0,347076,7.775,S,False,0.311,Mr,3.8875
444,1,2,"Reynaldo, Ms. Encarnacion",female,28.0,0,0,230434,13.0,S,False,0.4642857142857143,Ms,13.0
445,1,3,"Johannesen-Bratthammer, Mr. Bernt",male,28.0,0,0,65306,8.1125,S,False,0.2897321428571429,Mr,8.1125
446,1,1,"Dodge, Master. Washington",male,4.0,0,2,33638,81.8583,S,True,20.464575,Master,27.2861
447,1,2,"Mellinger, Miss. Madeleine Violet",female,13.0,0,1,250644,19.5,S,True,1.5,Miss,9.75
448,1,1,"Seward, Mr. Frederic Kimber",male,34.0,0,0,113794,26.55,S,False,0.7808823529411765,Mr,26.55
449,1,3,"Baclini, Miss. Marie Catherine",female,5.0,2,1,2666,19.2583,C,True,3.85166,Miss,4.814575
450,1,1,"Peuchen, Major. Arthur Godfrey",male,52.0,0,0,113786,30.5,S,False,0.5865384615384616,Major,30.5
451,0,2,"West, Mr. Edwy Arthur",male,36.0,1,2,C.A. 34651,27.75,S,False,0.7708333333333334,Mr,6.9375
452,0,3,"Hagland, Mr. Ingvald Olai Olsen",male,28.0,1,0,65303,19.9667,S,False,0.7130964285714285,Mr,9.98335
453,0,1,"Foreman, Mr. Benjamin Laventall",male,30.0,0,0,113051,27.75,C,False,0.925,Mr,27.75
454,1,1,"Goldenberg, Mr. Samuel L",male,49.0,1,0,17453,89.1042,C,False,1.81845306122449,Mr,44.5521
455,0,3,"Peduzzi, Mr. Joseph",male,28.0,0,0,A/5 2817,8.05,S,False,0.28750000000000003,Mr,8.05
456,1,3,"Jalsevac, Mr. Ivan",male,29.0,0,0,349240,7.8958,C,False,0.2722689655172414,Mr,7.8958
457,0,1,"Millet, Mr. Francis Davis",male,65.0,0,0,13509,26.55,S,False,0.4084615384615385,Mr,26.55
458,1,1,"Kenyon, Mrs. Frederick R (Marion)",female,28.0,1,0,17464,51.8625,S,False,1.8522321428571427,Mrs,25.93125
459,1,2,"Toomey, Miss. Ellen",female,50.0,0,0,F.C.C. 13531,10.5,S,False,0.21,Miss,10.5
460,0,3,"O'Connor, Mr. Maurice",male,28.0,0,0,371060,7.75,Q,False,0.2767857142857143,Mr,7.75
461,1,1,"Anderson, Mr. Harry",male,48.0,0,0,19952,26.55,S,False,0.553125,Mr,26.55
462,0,3,"Morley, Mr. William",male,34.0,0,0,364506,8.05,S,False,0.23676470588235296,Mr,8.05
463,0,1,"Gee, Mr. Arthur H",male,47.0,0,0,111320,38.5,S,False,0.8191489361702128,Mr,38.5
464,0,2,"Milling, Mr. Jacob Christian",male,48.0,0,0,234360,13.0,S,False,0.2708333333333333,Mr,13.0
465,0,3,"Maisner, Mr. Simon",male,28.0,0,0,A/S 2816,8.05,S,False,0.28750000000000003,Mr,8.05
466,0,3,"Goncalves, Mr. Manuel Estanslas",male,38.0,0,0,SOTON/O.Q. 3101306,7.05,S,False,0.18552631578947368,Mr,7.05
467,0,2,"Campbell, Mr. William",male,28.0,0,0,239853,0.0,S,False,0.0,Mr,0.0
468,0,1,"Smart, Mr. John Montgomery",male,56.0,0,0,113792,26.55,S,False,0.4741071428571429,Mr,26.55
469,0,3,"Scanlan, Mr. James",male,28.0,0,0,36209,7.725,Q,False,0.2758928571428571,Mr,7.725
470,1,3,"Baclini, Miss. Helene Barbara",female,0.75,2,1,2666,19.2583,C,True,25.677733333333332,Miss,4.814575
471,0,3,"Keefe, Mr. Arthur",male,28.0,0,0,323592,7.25,S,False,0.25892857142857145,Mr,7.25
472,0,3,"Cacic, Mr. Luka",male,38.0,0,0,315089,8.6625,S,False,0.22796052631578947,Mr,8.6625
473,1,2,"West, Mrs. Edwy Arthur (Ada Mary Worth)",female,33.0,1,2,C.A. 34651,27.75,S,False,0.8409090909090909,Mrs,6.9375
474,1,2,"Jerwan, Mrs. Amin S (Marie Marthe Thuillard)",female,23.0,0,0,SC/AH Basle 541,13.7917,C,False,0.5996391304347827,Mrs,13.7917
475,0,3,"Strandberg, Miss. Ida Sofia",female,22.0,0,0,7553,9.8375,S,False,0.44715909090909095,Miss,9.8375
476,0,1,"Clifford, Mr. George Quincy",male,28.0,0,0,110465,52.0,S,False,1.8571428571428572,Mr,52.0
477,0,2,"Renouf, Mr. Peter Henry",male,34.0,1,0,31027,21.0,S,False,0.6176470588235294,Mr,10.5
478,0,3,"Braund, Mr. Lewis Richard",male,29.0,1,0,3460,7.0458,S,False,0.24295862068965518,Mr,3.5229
479,0,3,"Karlsson, Mr. Nils August",male,22.0,0,0,350060,7.5208,S,False,0.34185454545454547,Mr,7.5208
480,1,3,"Hirvonen, Miss. Hildur E",female,2.0,0,1,3101298,12.2875,S,True,6.14375,Miss,6.14375
481,0,3,"Goodwin, Master. Harold Victor",male,9.0,5,2,CA 2144,46.9,S,True,5.211111111111111,Master,5.8625
482,0,2,"Frost, Mr. Anthony Wood ""Archie""",male,28.0,0,0,239854,0.0,S,False,0.0,Mr,0.0
483,0,3,"Rouse, Mr. Richard Henry",male,50.0,0,0,A/5 3594,8.05,S,False,0.161,Mr,8.05
484,1,3,"Turkula, Mrs. (Hedwig)",female,63.0,0,0,4134,9.5875,S,False,0.1521825396825397,Mrs,9.5875
485,1,1,"Bishop, Mr. Dickinson H",male,25.0,1,0,11967,91.0792,C,False,3.643168,Mr,45.5396
486,0,3,"Lefebre, Miss. Jeannie",female,28.0,3,1,4133,25.4667,S,False,0.909525,Miss,5.0933399999999995
487,1,1,"Hoyt, Mrs. Frederick Maxfield (Jane Anne Forby)",female,35.0,1,0,19943,90.0,S,False,2.5714285714285716,Mrs,45.0
488,0,1,"Kent, Mr. Edward Austin",male,58.0,0,0,11771,29.7,C,False,0.5120689655172413,Mr,29.7
489,0,3,"Somerton, Mr. Francis William",male,30.0,0,0,A.5. 18509,8.05,S,False,0.26833333333333337,Mr,8.05
490,1,3,"Coutts, Master. Eden Leslie ""Neville""",male,9.0,1,1,C.A. 37671,15.9,S,True,1.7666666666666666,Master,5.3
491,0,3,"Hagland, Mr. Konrad Mathias Reiersen",male,28.0,1,0,65304,19.9667,S,False,0.7130964285714285,Mr,9.98335
492,0,3,"Windelov, Mr. Einar",male,21.0,0,0,SOTON/OQ 3101317,7.25,S,False,0.34523809523809523,Mr,7.25
493,0,1,"Molson, Mr. Harry Markland",male,55.0,0,0,113787,30.5,S,False,0.5545454545454546,Mr,30.5
494,0,1,"Artagaveytia, Mr. Ramon",male,71.0,0,0,PC 17609,49.5042,C,False,0.6972422535211267,Mr,49.5042
495,0,3,"Stanley, Mr. Edward Roland",male,21.0,0,0,A/4 45380,8.05,S,False,0.38333333333333336,Mr,8.05
496,0,3,"Yousseff, Mr. Gerious",male,28.0,0,0,2627,14.4583,C,False,0.5163678571428572,Mr,14.4583
497,1,1,"Eustis, Miss. Elizabeth Mussey",female,54.0,1,0,36947,78.2667,C,False,1.4493833333333332,Miss,39.13335
498,0,3,"Shellard, Mr. Frederick William",male,28.0,0,0,C.A. 6212,15.1,S,False,0.5392857142857143,Mr,15.1
499,0,1,"Allison, Mrs. Hudson J C (Bessie Waldo Daniels)",female,25.0,1,2,113781,151.55,S,False,6.062,Mrs,37.8875
500,0,3,"Svensson, Mr. Olof",male,24.0,0,0,350035,7.7958,S,False,0.324825,Mr,7.7958
501,0,3,"Calic, Mr. Petar",male,17.0,0,0,315086,8.6625,S,False,0.5095588235294117,Mr,8.6625
502,0,3,"Canavan, Miss. Mary",female,21.0,0,0,364846,7.75,Q,False,0.36904761904761907,Miss,7.75
503,0,3,"O'Sullivan, Miss. Bridget Mary",female,28.0,0,0,330909,7.6292,Q,False,0.2724714285714286,Miss,7.6292
504,0,3,"Laitinen, Miss. Kristina Sofia",female,37.0,0,0,4135,9.5875,S,False,0.2591216216216216,Miss,9.5875
505,1,1,"Maioni, Miss. Roberta",female,16.0,0,0,110152,86.5,S,False,5.40625,Miss,86.5
506,0,1,"Penasco y Castellana, Mr. Victor de Satode",male,18.0,1,0,PC 17758,108.9,C,False,6.050000000000001,Mr,54.45
507,1,2,"Quick, Mrs. Frederick Charles (Jane Richards)",female,33.0,0,2,26360,26.0,S,False,0.7878787878787878,Mrs,8.666666666666666
508,1,1,"Bradley, Mr. George (""George Arthur Brayton"")",male,28.0,0,0,111427,26.55,S,False,0.9482142857142858,Mr,26.55
509,0,3,"Olsen, Mr. Henry Margido",male,28.0,0,0,C 4001,22.525,S,False,0.8044642857142856,Mr,22.525
510,1,3,"Lang, Mr. Fang",male,26.0,0,0,1601,56.4958,S,False,2.1729153846153846,Mr,56.4958
511,1,3,"Daly, Mr. Eugene Patrick",male,29.0,0,0,382651,7.75,Q,False,0.2672413793103448,Mr,7.75
512,0,3,"Webber, Mr. James",male,28.0,0,0,SOTON/OQ 3101316,8.05,S,False,0.28750000000000003,Mr,8.05
513,1,1,"McGough, Mr. James Robert",male,36.0,0,0,PC 17473,26.2875,S,False,0.7302083333333333,Mr,26.2875
514,1,1,"Rothschild, Mrs. Martin (Elizabeth L. Barrett)",female,54.0,1,0,PC 17603,59.4,C,False,1.0999999999999999,Mrs,29.7
515,0,3,"Coleff, Mr. Satio",male,24.0,0,0,349209,7.4958,S,False,0.312325,Mr,7.4958
516,0,1,"Walker, Mr. William Anderson",male,47.0,0,0,36967,34.0208,S,False,0.7238468085106383,Mr,34.0208
517,1,2,"Lemore, Mrs. (Amelia Milley)",female,34.0,0,0,C.A. 34260,10.5,S,False,0.3088235294117647,Mrs,10.5
518,0,3,"Ryan, Mr. Patrick",male,28.0,0,0,371110,24.15,Q,False,0.8624999999999999,Mr,24.15
519,1,2,"Angle, Mrs. William A (Florence ""Mary"" Agnes Hughes)",female,36.0,1,0,226875,26.0,S,False,0.7222222222222222,Mrs,13.0
520,0,3,"Pavlovic, Mr. Stefo",male,32.0,0,0,349242,7.8958,S,False,0.24674375,Mr,7.8958
521,1,1,"Perreault, Miss. Anne",female,30.0,0,0,12749,93.5,S,False,3.1166666666666667,Miss,93.5
522,0,3,"Vovk, Mr. Janko",male,22.0,0,0,349252,7.8958,S,False,0.3589,Mr,7.8958
523,0,3,"Lahoud, Mr. Sarkis",male,28.0,0,0,2624,7.225,C,False,0.25803571428571426,Mr,7.225
524,1,1,"Hippach, Mrs. Louis Albert (Ida Sophia Fischer)",female,44.0,0,1,111361,57.9792,C,False,1.317709090909091,Mrs,28.9896
525,0,3,"Kassem, Mr. Fared",male,28.0,0,0,2700,7.2292,C,False,0.2581857142857143,Mr,7.2292
526,0,3,"Farrell, Mr. James",male,40.5,0,0,367232,7.75,Q,False,0.19135802469135801,Mr,7.75
527,1,2,"Ridsdale, Miss. Lucy",female,50.0,0,0,W./C. 14258,10.5,S,False,0.21,Miss,10.5
528,0,1,"Farthing, Mr. John",male,28.0,0,0,PC 17483,221.7792,S,False,7.920685714285715,Mr,221.7792
529,0,3,"Salonen, Mr. Johan Werner",male,39.0,0,0,3101296,7.925,S,False,0.2032051282051282,Mr,7.925
530,0,2,"Hocking, Mr. Richard George",male,23.0,2,1,29104,11.5,S,False,0.5,Mr,2.875
531,1,2,"Quick, Miss. Phyllis May",female,2.0,1,1,26360,26.0,S,True,13.0,Miss,8.666666666666666
532,0,3,"Toufik, Mr. Nakli",male,28.0,0,0,2641,7.2292,C,False,0.2581857142857143,Mr,7.2292
533,0,3,"Elias, Mr. Joseph Jr",male,17.0,1,1,2690,7.2292,C,False,0.42524705882352937,Mr,2.409733333333333
534,1,3,"Peter, Mrs. Catherine (Catherine Rizk)",female,28.0,0,2,2668,22.3583,C,False,0.7985107142857143,Mrs,7.452766666666666
535,0,3,"Cacic, Miss. Marija",female,30.0,0,0,315084,8.6625,S,False,0.28875,Miss,8.6625
536,1,2,"Hart, Miss. Eva Miriam",female,7.0,0,2,F.C.C. 13529,26.25,S,True,3.75,Miss,8.75
537,0,1,"Butt, Major. Archibald Willingham",male,45.0,0,0,113050,26.55,S,False,0.59,Major,26.55
538,1,1,"LeRoy, Miss. Bertha",female,30.0,0,0,PC 17761,106.425,C,False,3.5475,Miss,106.425
539,0,3,"Risien, Mr. Samuel Beard",male,28.0,0,0,364498,14.5,S,False,0.5178571428571429,Mr,14.5
540,1,1,"Frolicher, Miss. Hedwig Margaritha",female,22.0,0,2,13568,49.5,C,False,2.25,Miss,16.5
541,1,1,"Crosby, Miss. Harriet R",female,36.0,0,2,WE/P 5735,71.0,S,False,1.9722222222222223,Miss,23.666666666666668
542,0,3,"Andersson, Miss. Ingeborg Constanzia",female,9.0,4,2,347082,31.275,S,True,3.4749999999999996,Miss,4.4678571428571425
543,0,3,"Andersson, Miss. Sigrid Elisabeth",female,11.0,4,2,347082,31.275,S,True,2.8431818181818183,Miss,4.4678571428571425
544,1,2,"Beane, Mr. Edward",male,32.0,1,0,2908,26.0,S,False,0.8125,Mr,13.0
545,0,1,"Douglas, Mr. Walter Donald",male,50.0,1,0,PC 17761,106.425,C,False,2.1285,Mr,53.2125
546,0,1,"Nicholson, Mr. Arthur Ernest",male,64.0,0,0,693,26.0,S,False,0.40625,Mr,26.0
547,1,2,"Beane, Mrs. Edward (Ethel Clarke)",female,19.0,1,0,2908,26.0,S,False,1.368421052631579,Mrs,13.0
548,1,2,"Padro y Manent, Mr. Julian",male,28.0,0,0,SC/PARIS 2146,13.8625,C,False,0.49508928571428573,Mr,13.8625
549,0,3,"Goldsmith, Mr. Frank John",male,33.0,1,1,363291,20.525,S,False,0.621969696969697,Mr,6.841666666666666
550,1,2,"Davies, Master. John Morgan Jr",male,8.0,1,1,C.A. 33112,36.75,S,True,4.59375,Master,12.25
551,1,1,"Thayer, Mr. John Borland Jr",male,17.0,0,2,17421,110.8833,C,False,6.5225470588235295,Mr,36.9611
552,0,2,"Sharp, Mr. Percival James R",male,27.0,0,0,244358,26.0,S,False,0.9629629629629629,Mr,26.0
553,0,3,"O'Brien, Mr. Timothy",male,28.0,0,0,330979,7.8292,Q,False,0.2796142857142857,Mr,7.8292
554,1,3,"Leeni, Mr. Fahim (""Philip Zenni"")",male,22.0,0,0,2620,7.225,C,False,0.3284090909090909,Mr,7.225
555,1,3,"Ohman, Miss. Velin",female,22.0,0,0,347085,7.775,S,False,0.35340909090909095,Miss,7.775
556,0,1,"Wright, Mr. George",male,62.0,0,0,113807,26.55,S,False,0.4282258064516129,Mr,26.55
557,1,1,"Duff Gordon, Lady. (Lucille Christiana Sutherland) (""Mrs Morgan"")",female,48.0,1,0,11755,39.6,C,False,0.8250000000000001,Lady,19.8
558,0,1,"Robbins, Mr. Victor",male,28.0,0,0,PC 17757,227.525,C,False,8.125892857142857,Mr,227.525
559,1,1,"Taussig, Mrs. Emil (Tillie Mandelbaum)",female,39.0,1,1,110413,79.65,S,False,2.0423076923076926,Mrs,26.55
560,1,3,"de Messemaeker, Mrs. Guillaume Joseph (Emma)",female,36.0,1,0,345572,17.4,S,False,0.4833333333333333,Mrs,8.7
561,0,3,"Morrow, Mr. Thomas Rowan",male,28.0,0,0,372622,7.75,Q,False,0.2767857142857143,Mr,7.75
562,0,3,"Sivic, Mr. Husein",male,40.0,0,0,349251,7.8958,S,False,0.19739500000000001,Mr,7.8958
563,0,2,"Norman, Mr. Robert Douglas",male,28.0,0,0,218629,13.5,S,False,0.48214285714285715,Mr,13.5
564,0,3,"Simmons, Mr. John",male,28.0,0,0,SOTON/OQ 392082,8.05,S,False,0.28750000000000003,Mr,8.05
565,0,3,"Meanwell, Miss. (Marion Ogden)",female,28.0,0,0,SOTON/O.Q. 392087,8.05,S,False,0.28750000000000003,Miss,8.05
566,0,3,"Davies, Mr. Alfred J",male,24.0,2,0,A/4 48871,24.15,S,False,1.0062499999999999,Mr,8.049999999999999
567,0,3,"Stoytcheff, Mr. Ilia",male,19.0,0,0,349205,7.8958,S,False,0.4155684210526316,Mr,7.8958
568,0,3,"Palsson, Mrs. Nils (Alma Cornelia Berglund)",female,29.0,0,4,349909,21.075,S,False,0.7267241379310344,Mrs,4.215
569,0,3,"Doharr, Mr. Tannous",male,28.0,0,0,2686,7.2292,C,False,0.2581857142857143,Mr,7.2292
570,1,3,"Jonsson, Mr. Carl",male,32.0,0,0,350417,7.8542,S,False,0.24544375,Mr,7.8542
571,1,2,"Harris, Mr. George",male,62.0,0,0,S.W./PP 752,10.5,S,False,0.1693548387096774,Mr,10.5
572,1,1,"Appleton, Mrs. Edward Dale (Charlotte Lamson)",female,53.0,2,0,11769,51.4792,S,False,0.9713056603773584,Mrs,17.15973333333333
573,1,1,"Flynn, Mr. John Irwin (""Irving"")",male,36.0,0,0,PC 17474,26.3875,S,False,0.7329861111111111,Mr,26.3875
574,1,3,"Kelly, Miss. Mary",female,28.0,0,0,14312,7.75,Q,False,0.2767857142857143,Miss,7.75
575,0,3,"Rush, Mr. Alfred George John",male,16.0,0,0,A/4. 20589,8.05,S,False,0.503125,Mr,8.05
576,0,3,"Patchett, Mr. George",male,19.0,0,0,358585,14.5,S,False,0.7631578947368421,Mr,14.5
577,1,2,"Garside, Miss. Ethel",female,34.0,0,0,243880,13.0,S,False,0.38235294117647056,Miss,13.0
578,1,1,"Silvey, Mrs. William Baird (Alice Munger)",female,39.0,1,0,13507,55.9,S,False,1.4333333333333333,Mrs,27.95
579,0,3,"Caram, Mrs. Joseph (Maria Elias)",female,28.0,1,0,2689,14.4583,C,False,0.5163678571428572,Mrs,7.22915
580,1,3,"Jussila, Mr. Eiriik",male,32.0,0,0,STON/O 2. 3101286,7.925,S,False,0.24765625,Mr,7.925
581,1,2,"Christy, Miss. Julie Rachel",female,25.0,1,1,237789,30.0,S,False,1.2,Miss,10.0
582,1,1,"Thayer, Mrs. John Borland (Marian Longstreth Morris)",female,39.0,1,1,17421,110.8833,C,False,2.8431615384615387,Mrs,36.9611
583,0,2,"Downton, Mr. William James",male,54.0,0,0,28403,26.0,S,False,0.48148148148148145,Mr,26.0
584,0,1,"Ross, Mr. John Hugo",male,36.0,0,0,13049,40.125,C,False,1.1145833333333333,Mr,40.125
585,0,3,"Paulner, Mr. Uscher",male,28.0,0,0,3411,8.7125,C,False,0.3111607142857143,Mr,8.7125
586,1,1,"Taussig, Miss. Ruth",female,18.0,0,2,110413,79.65,S,False,4.425000000000001,Miss,26.55
587,0,2,"Jarvis, Mr. John Denzil",male,47.0,0,0,237565,15.0,S,False,0.3191489361702128,Mr,15.0
588,1,1,"Frolicher-Stehli, Mr. Maxmillian",male,60.0,1,1,13567,79.2,C,False,1.32,Mr,26.400000000000002
589,0,3,"Gilinski, Mr. Eliezer",male,22.0,0,0,14973,8.05,S,False,0.36590909090909096,Mr,8.05
590,0,3,"Murdlin, Mr. Joseph",male,28.0,0,0,A./5. 3235,8.05,S,False,0.28750000000000003,Mr,8.05
591,0,3,"Rintamaki, Mr. Matti",male,35.0,0,0,STON/O 2. 3101273,7.125,S,False,0.20357142857142857,Mr,7.125
592,1,1,"Stephenson, Mrs. Walter Bertram (Martha Eustis)",female,52.0,1,0,36947,78.2667,C,False,1.5051288461538461,Mrs,39.13335
593,0,3,"Elsbury, Mr. William James",male,47.0,0,0,A/5 3902,7.25,S,False,0.15425531914893617,Mr,7.25
594,0,3,"Bourke, Miss. Mary",female,28.0,0,2,364848,7.75,Q,False,0.2767857142857143,Miss,2.5833333333333335
595,0,2,"Chapman, Mr. John Henry",male,37.0,1,0,SC/AH 29037,26.0,S,False,0.7027027027027027,Mr,13.0
596,0,3,"Van Impe, Mr. Jean Baptiste",male,36.0,1,1,345773,24.15,S,False,0.6708333333333333,Mr,8.049999999999999
597,1,2,"Leitch, Miss. Jessie Wills",female,28.0,0,0,248727,33.0,S,False,1.1785714285714286,Miss,33.0
598,0,3,"Johnson, Mr. Alfred",male,49.0,0,0,LINE,0.0,S,False,0.0,Mr,0.0
599,0,3,"Boulos, Mr. Hanna",male,28.0,0,0,2664,7.225,C,False,0.25803571428571426,Mr,7.225
600,1,1,"Duff Gordon, Sir. Cosmo Edmund (""Mr Morgan"")",male,49.0,1,0,PC 17485,56.9292,C,False,1.1618204081632653,Sir,28.4646
601,1,2,"Jacobsohn, Mrs. Sidney Samuel (Amy Frances Christy)",female,24.0,2,1,243847,27.0,S,False,1.125,Mrs,6.75
602,0,3,"Slabenoff, Mr. Petco",male,28.0,0,0,349214,7.8958,S,False,0.28199285714285716,Mr,7.8958
603,0,1,"Harrington, Mr. Charles H",male,28.0,0,0,113796,42.4,S,False,1.5142857142857142,Mr,42.4
604,0,3,"Torber, Mr. Ernst William",male,44.0,0,0,364511,8.05,S,False,0.18295454545454548,Mr,8.05
605,1,1,"Homer, Mr. Harry (""Mr E Haven"")",male,35.0,0,0,111426,26.55,C,False,0.7585714285714286,Mr,26.55
606,0,3,"Lindell, Mr. Edvard Bengtsson",male,36.0,1,0,349910,15.55,S,False,0.43194444444444446,Mr,7.775
607,0,3,"Karaic, Mr. Milan",male,30.0,0,0,349246,7.8958,S,False,0.26319333333333333,Mr,7.8958
608,1,1,"Daniel, Mr. Robert Williams",male,27.0,0,0,113804,30.5,S,False,1.1296296296296295,Mr,30.5
609,1,2,"Laroche, Mrs. Joseph (Juliette Marie Louise Lafargue)",female,22.0,1,2,SC/Paris 2123,41.5792,C,False,1.8899636363636363,Mrs,10.3948
610,1,1,"Shutes, Miss. Elizabeth W",female,40.0,0,0,PC 17582,153.4625,S,False,3.8365625000000003,Miss,153.4625
611,0,3,"Andersson, Mrs. Anders Johan (Alfrida Konstantia Brogren)",female,39.0,1,5,347082,31.275,S,False,0.8019230769230768,Mrs,4.4678571428571425
612,0,3,"Jardin, Mr. Jose Neto",male,28.0,0,0,SOTON/O.Q. 3101305,7.05,S,False,0.2517857142857143,Mr,7.05
613,1,3,"Murphy, Miss. Margaret Jane",female,28.0,1,0,367230,15.5,Q,False,0.5535714285714286,Miss,7.75
614,0,3,"Horgan, Mr. John",male,28.0,0,0,370377,7.75,Q,False,0.2767857142857143,Mr,7.75
615,0,3,"Brocklebank, Mr. William Alfred",male,35.0,0,0,364512,8.05,S,False,0.23,Mr,8.05
616,1,2,"Herman, Miss. Alice",female,24.0,1,2,220845,65.0,S,False,2.7083333333333335,Miss,16.25
617,0,3,"Danbom, Mr. Ernst Gilbert",male,34.0,1,1,347080,14.4,S,False,0.4235294117647059,Mr,4.8
618,0,3,"Lobb, Mrs. William Arthur (Cordelia K Stanlick)",female,26.0,1,0,A/5. 3336,16.1,S,False,0.6192307692307693,Mrs,8.05
619,1,2,"Becker, Miss. Marion Louise",female,4.0,2,1,230136,39.0,S,True,9.75,Miss,9.75
620,0,2,"Gavey, Mr. Lawrence",male,26.0,0,0,31028,10.5,S,False,0.40384615384615385,Mr,10.5
621,0,3,"Yasbeck, Mr. Antoni",male,27.0,1,0,2659,14.4542,C,False,0.5353407407407408,Mr,7.2271
622,1,1,"Kimball, Mr. Edwin Nelson Jr",male,42.0,1,0,11753,52.5542,S,False,1.2512904761904762,Mr,26.2771
623,1,3,"Nakid, Mr. Sahid",male,20.0,1,1,2653,15.7417,C,False,0.787085,Mr,5.247233333333333
624,0,3,"Hansen, Mr. Henry Damsgaard",male,21.0,0,0,350029,7.8542,S,False,0.3740095238095238,Mr,7.8542
625,0,3,"Bowen, Mr. David John ""Dai""",male,21.0,0,0,54636,16.1,S,False,0.7666666666666667,Mr,16.1
626,0,1,"Sutton, Mr. Frederick",male,61.0,0,0,36963,32.3208,S,False,0.5298491803278689,Mr,32.3208
627,0,2,"Kirkland, Rev. Charles Leonard",male,57.0,0,0,219533,12.35,Q,False,0.21666666666666667,Rev,12.35
628,1,1,"Longley, Miss. Gretchen Fiske",female,21.0,0,0,13502,77.9583,S,False,3.7123,Miss,77.9583
629,0,3,"Bostandyeff, Mr. Guentcho",male,26.0,0,0,349224,7.8958,S,False,0.3036846153846154,Mr,7.8958
630,0,3,"O'Connell, Mr. Patrick D",male,28.0,0,0,334912,7.7333,Q,False,0.2761892857142857,Mr,7.7333
631,1,1,"Barkworth, Mr. Algernon Henry Wilson",male,80.0,0,0,27042,30.0,S,False,0.375,Mr,30.0
632,0,3,"Lundahl, Mr. Johan Svensson",male,51.0,0,0,347743,7.0542,S,False,0.13831764705882352,Mr,7.0542
633,1,1,"Stahelin-Maeglin, Dr. Max",male,32.0,0,0,13214,30.5,C,False,0.953125,Dr,30.5
634,0,1,"Parr, Mr. William Henry Marsh",male,28.0,0,0,112052,0.0,S,False,0.0,Mr,0.0
635,0,3,"Skoog, Miss. Mabel",female,9.0,3,2,347088,27.9,S,True,3.0999999999999996,Miss,4.6499999999999995
636,1,2,"Davis, Miss. Mary",female,28.0,0,0,237668,13.0,S,False,0.4642857142857143,Miss,13.0
637,0,3,"Leinonen, Mr. Antti Gustaf",male,32.0,0,0,STON/O 2. 3101292,7.925,S,False,0.24765625,Mr,7.925
638,0,2,"Collyer, Mr. Harvey",male,31.0,1,1,C.A. 31921,26.25,S,False,0.8467741935483871,Mr,8.75
639,0,3,"Panula, Mrs. Juha (Maria Emilia Ojala)",female,41.0,0,5,3101295,39.6875,S,False,0.9679878048780488,Mrs,6.614583333333333
640,0,3,"Thorneycroft, Mr. Percival",male,28.0,1,0,376564,16.1,S,False,0.5750000000000001,Mr,8.05
641,0,3,"Jensen, Mr. Hans Peder",male,20.0,0,0,350050,7.8542,S,False,0.39271,Mr,7.8542
642,1,1,"Sagesser, Mlle. Emma",female,24.0,0,0,PC 17477,69.3,C,False,2.8874999999999997,Mlle,69.3
643,0,3,"Skoog, Miss. Margit Elizabeth",female,2.0,3,2,347088,27.9,S,True,13.95,Miss,4.6499999999999995
644,1,3,"Foo, Mr. Choong",male,28.0,0,0,1601,56.4958,S,False,2.017707142857143,Mr,56.4958
645,1,3,"Baclini, Miss. Eugenie",female,0.75,2,1,2666,19.2583,C,True,25.677733333333332,Miss,4.814575
646,1,1,"Harper, Mr. Henry Sleeper",male,48.0,1,0,PC 17572,76.7292,C,False,1.5985250000000002,Mr,38.3646
647,0,3,"Cor, Mr. Liudevit",male,19.0,0,0,349231,7.8958,S,False,0.4155684210526316,Mr,7.8958
648,1,1,"Simonius-Blumer, Col. Oberst Alfons",male,56.0,0,0,13213,35.5,C,False,0.6339285714285714,Col,35.5
649,0,3,"Willey, Mr. Edward",male,28.0,0,0,S.O./P.P. 751,7.55,S,False,0.26964285714285713,Mr,7.55
650,1,3,"Stanley, Miss. Amy Zillah Elsie",female,23.0,0,0,CA. 2314,7.55,S,False,0.3282608695652174,Miss,7.55
651,0,3,"Mitkoff, Mr. Mito",male,28.0,0,0,349221,7.8958,S,False,0.28199285714285716,Mr,7.8958
652,1,2,"Doling, Miss. Elsie",female,18.0,0,1,231919,23.0,S,False,1.2777777777777777,Miss,11.5
653,0,3,"Kalvik, Mr. Johannes Halvorsen",male,21.0,0,0,8475,8.4333,S,False,0.40158571428571427,Mr,8.4333
654,1,3,"O'Leary, Miss. Hanora ""Norah""",female,28.0,0,0,330919,7.8292,Q,False,0.2796142857142857,Miss,7.8292
655,0,3,"Hegarty, Miss. Hanora ""Nora""",female,18.0,0,0,365226,6.75,Q,False,0.375,Miss,6.75
656,0,2,"Hickman, Mr. Leonard Mark",male,24.0,2,0,S.O.C. 14879,73.5,S,False,3.0625,Mr,24.5
657,0,3,"Radeff, Mr. Alexander",male,28.0,0,0,349223,7.8958,S,False,0.28199285714285716,Mr,7.8958
658,0,3,"Bourke, Mrs. John (Catherine)",female,32.0,1,1,364849,15.5,Q,False,0.484375,Mrs,5.166666666666667
659,0,2,"Eitemiller, Mr. George Floyd",male,23.0,0,0,29751,13.0,S,False,0.5652173913043478,Mr,13.0
660,0,1,"Newell, Mr. Arthur Webster",male,58.0,0,2,35273,113.275,C,False,1.9530172413793105,Mr,37.75833333333333
661,1,1,"Frauenthal, Dr. Henry William",male,50.0,2,0,PC 17611,133.65,S,False,2.673,Dr,44.550000000000004
662,0,3,"Badt, Mr. Mohamed",male,40.0,0,0,2623,7.225,C,False,0.18062499999999998,Mr,7.225
663,0,1,"Colley, Mr. Edward Pomeroy",male,47.0,0,0,5727,25.5875,S,False,0.5444148936170212,Mr,25.5875
664,0,3,"Coleff, Mr. Peju",male,36.0,0,0,349210,7.4958,S,False,0.20821666666666666,Mr,7.4958
665,1,3,"Lindqvist, Mr. Eino William",male,20.0,1,0,STON/O 2. 3101285,7.925,S,False,0.39625,Mr,3.9625
666,0,2,"Hickman, Mr. Lewis",male,32.0,2,0,S.O.C. 14879,73.5,S,False,2.296875,Mr,24.5
667,0,2,"Butler, Mr. Reginald Fenton",male,25.0,0,0,234686,13.0,S,False,0.52,Mr,13.0
668,0,3,"Rommetvedt, Mr. Knud Paust",male,28.0,0,0,312993,7.775,S,False,0.27767857142857144,Mr,7.775
669,0,3,"Cook, Mr. Jacob",male,43.0,0,0,A/5 3536,8.05,S,False,0.18720930232558142,Mr,8.05
670,1,1,"Taylor, Mrs. Elmer Zebley (Juliet Cummins Wright)",female,28.0,1,0,19996,52.0,S,False,1.8571428571428572,Mrs,26.0
671,1,2,"Brown, Mrs. Thomas William Solomon (Elizabeth Catherine Ford)",female,40.0,1,1,29750,39.0,S,False,0.975,Mrs,13.0
672,0,1,"Davidson, Mr. Thornton",male,31.0,1,0,F.C. 12750,52.0,S,False,1.6774193548387097,Mr,26.0
673,0,2,"Mitchell, Mr. Henry Michael",male,70.0,0,0,C.A. 24580,10.5,S,False,0.15,Mr,10.5
674,1,2,"Wilhelms, Mr. Charles",male,31.0,0,0,244270,13.0,S,False,0.41935483870967744,Mr,13.0
675,0,2,"Watson, Mr. Ennis Hastings",male,28.0,0,0,239856,0.0,S,False,0.0,Mr,0.0
676,0,3,"Edvardsson, Mr. Gustaf Hjalmar",male,18.0,0,0,349912,7.775,S,False,0.43194444444444446,Mr,7.775
677,0,3,"Sawyer, Mr. Frederick Charles",male,24.5,0,0,342826,8.05,S,False,0.3285714285714286,Mr,8.05
678,1,3,"Turja, Miss. Anna Sofia",female,18.0,0,0,4138,9.8417,S,False,0.546761111111111,Miss,9.8417
679,0,3,"Goodwin, Mrs. Frederick (Augusta Tyler)",female,43.0,1,6,CA 2144,46.9,S,False,1.0906976744186045,Mrs,5.8625
680,1,1,"Cardeza, Mr. Thomas Drake Martinez",male,36.0,0,1,PC 17755,512.3292,C,False,14.231366666666666,Mr,256.1646
681,0,3,"Peters, Miss. Katie",female,28.0,0,0,330935,8.1375,Q,False,0.29062499999999997,Miss,8.1375
682,1,1,"Hassab, Mr. Hammad",male,27.0,0,0,PC 17572,76.7292,C,False,2.8418222222222225,Mr,76.7292
683,0,3,"Olsvigen, Mr. Thor Anderson",male,20.0,0,0,6563,9.225,S,False,0.46125,Mr,9.225
684,0,3,"Goodwin, Mr. Charles Edward",male,14.0,5,2,CA 2144,46.9,S,True,3.35,Mr,5.8625
685,0,2,"Brown, Mr. Thomas William Solomon",male,60.0,1,1,29750,39.0,S,False,0.65,Mr,13.0
686,0,2,"Laroche, Mr. Joseph Philippe Lemercier",male,25.0,1,2,SC/Paris 2123,41.5792,C,False,1.663168,Mr,10.3948
687,0,3,"Panula, Mr. Jaako Arnold",male,14.0,4,1,3101295,39.6875,S,True,2.8348214285714284,Mr,6.614583333333333
688,0,3,"Dakic, Mr. Branko",male,19.0,0,0,349228,10.1708,S,False,0.5353052631578947,Mr,10.1708
689,0,3,"Fischer, Mr. Eberhard Thelander",male,18.0,0,0,350036,7.7958,S,False,0.4331,Mr,7.7958
690,1,1,"Madill, Miss. Georgette Alexandra",female,15.0,0,1,24160,211.3375,S,True,14.089166666666667,Miss,105.66875
691,1,1,"Dick, Mr. Albert Adrian",male,31.0,1,0,17474,57.0,S,False,1.8387096774193548,Mr,28.5
692,1,3,"Karun, Miss. Manca",female,4.0,0,1,349256,13.4167,C,True,3.354175,Miss,6.70835
693,1,3,"Lam, Mr. Ali",male,28.0,0,0,1601,56.4958,S,False,2.017707142857143,Mr,56.4958
694,0,3,"Saad, Mr. Khalil",male,25.0,0,0,2672,7.225,C,False,0.289,Mr,7.225
695,0,1,"Weir, Col. John",male,60.0,0,0,113800,26.55,S,False,0.4425,Col,26.55
696,0,2,"Chapman, Mr. Charles Henry",male,52.0,0,0,248731,13.5,S,False,0.25961538461538464,Mr,13.5
697,0,3,"Kelly, Mr. James",male,44.0,0,0,363592,8.05,S,False,0.18295454545454548,Mr,8.05
698,1,3,"Mullens, Miss. Katherine ""Katie""",female,28.0,0,0,35852,7.7333,Q,False,0.2761892857142857,Miss,7.7333
699,0,1,"Thayer, Mr. John Borland",male,49.0,1,1,17421,110.8833,C,False,2.2629244897959184,Mr,36.9611
700,0,3,"Humblen, Mr. Adolf Mathias Nicolai Olsen",male,42.0,0,0,348121,7.65,S,False,0.18214285714285716,Mr,7.65
701,1,1,"Astor, Mrs. John Jacob (Madeleine Talmadge Force)",female,18.0,1,0,PC 17757,227.525,C,False,12.640277777777778,Mrs,113.7625
702,1,1,"Silverthorne, Mr. Spencer Victor",male,35.0,0,0,PC 17475,26.2875,S,False,0.7510714285714286,Mr,26.2875
703,0,3,"Barbara, Miss. Saiide",female,18.0,0,1,2691,14.4542,C,False,0.8030111111111111,Miss,7.2271
704,0,3,"Gallagher, Mr. Martin",male,25.0,0,0,36864,7.7417,Q,False,0.309668,Mr,7.7417
705,0,3,"Hansen, Mr. Henrik Juul",male,26.0,1,0,350025,7.8542,S,False,0.3020846153846154,Mr,3.9271
706,0,2,"Morley, Mr. Henry Samuel (""Mr Henry Marshall"")",male,39.0,0,0,250655,26.0,S,False,0.6666666666666666,Mr,26.0
707,1,2,"Kelly, Mrs. Florence ""Fannie""",female,45.0,0,0,223596,13.5,S,False,0.3,Mrs,13.5
708,1,1,"Calderhead, Mr. Edward Pennington",male,42.0,0,0,PC 17476,26.2875,S,False,0.6258928571428571,Mr,26.2875
709,1,1,"Cleaver, Miss. Alice",female,22.0,0,0,113781,151.55,S,False,6.888636363636365,Miss,151.55
710,1,3,"Moubarek, Master. Halim Gonios (""William George"")",male,28.0,1,1,2661,15.2458,C,False,0.5444928571428571,Master,5.081933333333333
711,1,1,"Mayne, Mlle. Berthe Antonine (""Mrs de Villiers"")",female,24.0,0,0,PC 17482,49.5042,C,False,2.062675,Mlle,49.5042
712,0,1,"Klaber, Mr. Herman",male,28.0,0,0,113028,26.55,S,False,0.9482142857142858,Mr,26.55
713,1,1,"Taylor, Mr. Elmer Zebley",male,48.0,1,0,19996,52.0,S,False,1.0833333333333333,Mr,26.0
714,0,3,"Larsson, Mr. August Viktor",male,29.0,0,0,7545,9.4833,S,False,0.3270103448275862,Mr,9.4833
715,0,2,"Greenberg, Mr. Samuel",male,52.0,0,0,250647,13.0,S,False,0.25,Mr,13.0
716,0,3,"Soholt, Mr. Peter Andreas Lauritz Andersen",male,19.0,0,0,348124,7.65,S,False,0.40263157894736845,Mr,7.65
717,1,1,"Endres, Miss. Caroline Louise",female,38.0,0,0,PC 17757,227.525,C,False,5.9875,Miss,227.525
718,1,2,"Troutt, Miss. Edwina Celia ""Winnie""",female,27.0,0,0,34218,10.5,S,False,0.3888888888888889,Miss,10.5
719,0,3,"McEvoy, Mr. Michael",male,28.0,0,0,36568,15.5,Q,False,0.5535714285714286,Mr,15.5
720,0,3,"Johnson, Mr. Malkolm Joackim",male,33.0,0,0,347062,7.775,S,False,0.23560606060606062,Mr,7.775
721,1,2,"Harper, Miss. Annie Jessie ""Nina""",female,6.0,0,1,248727,33.0,S,True,5.5,Miss,16.5
722,0,3,"Jensen, Mr. Svend Lauritz",male,17.0,1,0,350048,7.0542,S,False,0.4149529411764706,Mr,3.5271
723,0,2,"Gillespie, Mr. William Henry",male,34.0,0,0,12233,13.0,S,False,0.38235294117647056,Mr,13.0
724,0,2,"Hodges, Mr. Henry Price",male,50.0,0,0,250643,13.0,S,False,0.26,Mr,13.0
725,1,1,"Chambers, Mr. Norman Campbell",male,27.0,1,0,113806,53.1,S,False,1.9666666666666668,Mr,26.55
726,0,3,"Oreskovic, Mr. Luka",male,20.0,0,0,315094,8.6625,S,False,0.433125,Mr,8.6625
727,1,2,"Renouf, Mrs. Peter Henry (Lillian Jefferys)",female,30.0,3,0,31027,21.0,S,False,0.7,Mrs,5.25
728,1,3,"Mannion, Miss. Margareth",female,28.0,0,0,36866,7.7375,Q,False,0.27633928571428573,Miss,7.7375
729,0,2,"Bryhl, Mr. Kurt Arnold Gottfrid",male,25.0,1,0,236853,26.0,S,False,1.04,Mr,13.0
730,0,3,"Ilmakangas, Miss. Pieta Sofia",female,25.0,1,0,STON/O2. 3101271,7.925,S,False,0.317,Miss,3.9625
731,1,1,"Allen, Miss. Elisabeth Walton",female,29.0,0,0,24160,211.3375,S,False,7.2875000000000005,Miss,211.3375
732,0,3,"Hassan, Mr. Houssein G N",male,11.0,0,0,2699,18.7875,C,True,1.7079545454545455,Mr,18.7875
733,0,2,"Knight, Mr. Robert J",male,28.0,0,0,239855,0.0,S,False,0.0,Mr,0.0
734,0,2,"Berriman, Mr. William John",male,23.0,0,0,28425,13.0,S,False,0.5652173913043478,Mr,13.0
735,0,2,"Troupiansky, Mr. Moses Aaron",male,23.0,0,0,233639,13.0,S,False,0.5652173913043478,Mr,13.0
736,0,3,"Williams, Mr. Leslie",male,28.5,0,0,54636,16.1,S,False,0.5649122807017545,Mr,16.1
737,0,3,"Ford, Mrs. Edward (Margaret Ann Watson)",female,48.0,1,3,W./C. 6608,34.375,S,False,0.7161458333333334,Mrs,6.875
738,1,1,"Lesurer, Mr. Gustave J",male,35.0,0,0,PC 17755,512.3292,C,False,14.637977142857144,Mr,512.3292
739,0,3,"Ivanoff, Mr. Kanio",male,28.0,0,0,349201,7.8958,S,False,0.28199285714285716,Mr,7.8958
740,0,3,"Nankoff, Mr. Minko",male,28.0,0,0,349218,7.8958,S,False,0.28199285714285716,Mr,7.8958
741,1,1,"Hawksford, Mr. Walter James",male,28.0,0,0,16988,30.0,S,False,1.0714285714285714,Mr,30.0
742,0,1,"Cavendish, Mr. Tyrell William",male,36.0,1,0,19877,78.85,S,False,2.1902777777777778,Mr,39.425
743,1,1,"Ryerson, Miss. Susan Parker ""Suzette""",female,21.0,2,2,PC 17608,262.375,C,False,12.494047619047619,Miss,52.475
744,0,3,"McNamee, Mr. Neal",male,24.0,1,0,376566,16.1,S,False,0.6708333333333334,Mr,8.05
745,1,3,"Stranden, Mr. Juho",male,31.0,0,0,STON/O 2. 3101288,7.925,S,False,0.25564516129032255,Mr,7.925
746,0,1,"Crosby, Capt. Edward Gifford",male,70.0,1,1,WE/P 5735,71.0,S,False,1.0142857142857142,Capt,23.666666666666668
747,0,3,"Abbott, Mr. Rossmore Edward",male,16.0,1,1,C.A. 2673,20.25,S,False,1.265625,Mr,6.75
748,1,2,"Sinkkonen, Miss. Anna",female,30.0,0,0,250648,13.0,S,False,0.43333333333333335,Miss,13.0
749,0,1,"Marvin, Mr. Daniel Warner",male,19.0,1,0,113773,53.1,S,False,2.794736842105263,Mr,26.55
750,0,3,"Connaghton, Mr. Michael",male,31.0,0,0,335097,7.75,Q,False,0.25,Mr,7.75
751,1,2,"Wells, Miss. Joan",female,4.0,1,1,29103,23.0,S,True,5.75,Miss,7.666666666666667
752,1,3,"Moor, Master. Meier",male,6.0,0,1,392096,12.475,S,True,2.0791666666666666,Master,6.2375
753,0,3,"Vande Velde, Mr. Johannes Joseph",male,33.0,0,0,345780,9.5,S,False,0.2878787878787879,Mr,9.5
754,0,3,"Jonkoff, Mr. Lalio",male,23.0,0,0,349204,7.8958,S,False,0.34329565217391306,Mr,7.8958
755,1,2,"Herman, Mrs. Samuel (Jane Laver)",female,48.0,1,2,220845,65.0,S,False,1.3541666666666667,Mrs,16.25
756,1,2,"Hamalainen, Master. Viljo",male,0.67,1,1,250649,14.5,S,True,21.641791044776117,Master,4.833333333333333
757,0,3,"Carlsson, Mr. August Sigfrid",male,28.0,0,0,350042,7.7958,S,False,0.27842142857142854,Mr,7.7958
758,0,2,"Bailey, Mr. Percy Andrew",male,18.0,0,0,29108,11.5,S,False,0.6388888888888888,Mr,11.5
759,0,3,"Theobald, Mr. Thomas Leonard",male,34.0,0,0,363294,8.05,S,False,0.23676470588235296,Mr,8.05
760,1,1,"Rothes, the Countess. of (Lucy Noel Martha Dyer-Edwards)",female,33.0,0,0,110152,86.5,S,False,2.621212121212121,,86.5
761,0,3,"Garfirth, Mr. John",male,28.0,0,0,358585,14.5,S,False,0.5178571428571429,Mr,14.5
762,0,3,"Nirva, Mr. Iisakki Antino Aijo",male,41.0,0,0,SOTON/O2 3101272,7.125,S,False,0.17378048780487804,Mr,7.125
763,1,3,"Barah, Mr. Hanna Assi",male,20.0,0,0,2663,7.2292,C,False,0.36146,Mr,7.2292
764,1,1,"Carter, Mrs. William Ernest (Lucile Polk)",female,36.0,1,2,113760,120.0,S,False,3.3333333333333335,Mrs,30.0
765,0,3,"Eklund, Mr. Hans Linus",male,16.0,0,0,347074,7.775,S,False,0.4859375,Mr,7.775
766,1,1,"Hogeboom, Mrs. John C (Anna Andrews)",female,51.0,1,0,13502,77.9583,S,False,1.5285941176470588,Mrs,38.97915
767,0,1,"Brewe, Dr. Arthur Jackson",male,28.0,0,0,112379,39.6,C,False,1.4142857142857144,Dr,39.6
768,0,3,"Mangan, Miss. Mary",female,30.5,0,0,364850,7.75,Q,False,0.2540983606557377,Miss,7.75
769,0,3,"Moran, Mr. Daniel J",male,28.0,1,0,371110,24.15,Q,False,0.8624999999999999,Mr,12.075
770,0,3,"Gronnestad, Mr. Daniel Danielsen",male,32.0,0,0,8471,8.3625,S,False,0.261328125,Mr,8.3625
771,0,3,"Lievens, Mr. Rene Aime",male,24.0,0,0,345781,9.5,S,False,0.3958333333333333,Mr,9.5
772,0,3,"Jensen, Mr. Niels Peder",male,48.0,0,0,350047,7.8542,S,False,0.16362916666666666,Mr,7.8542
773,0,2,"Mack, Mrs. (Mary)",female,57.0,0,0,S.O./P.P. 3,10.5,S,False,0.18421052631578946,Mrs,10.5
774,0,3,"Elias, Mr. Dibo",male,28.0,0,0,2674,7.225,C,False,0.25803571428571426,Mr,7.225
775,1,2,"Hocking, Mrs. Elizabeth (Eliza Needs)",female,54.0,1,3,29105,23.0,S,False,0.42592592592592593,Mrs,4.6
776,0,3,"Myhrman, Mr. Pehr Fabian Oliver Malkolm",male,18.0,0,0,347078,7.75,S,False,0.4305555555555556,Mr,7.75
777,0,3,"Tobin, Mr. Roger",male,28.0,0,0,383121,7.75,Q,False,0.2767857142857143,Mr,7.75
778,1,3,"Emanuel, Miss. Virginia Ethel",female,5.0,0,0,364516,12.475,S,True,2.495,Miss,12.475
779,0,3,"Kilgannon, Mr. Thomas J",male,28.0,0,0,36865,7.7375,Q,False,0.27633928571428573,Mr,7.7375
780,1,1,"Robert, Mrs. Edward Scott (Elisabeth Walton McMillan)",female,43.0,0,1,24160,211.3375,S,False,4.914825581395349,Mrs,105.66875
781,1,3,"Ayoub, Miss. Banoura",female,13.0,0,0,2687,7.2292,C,True,0.5560923076923077,Miss,7.2292
782,1,1,"Dick, Mrs. Albert Adrian (Vera Gillespie)",female,17.0,1,0,17474,57.0,S,False,3.3529411764705883,Mrs,28.5
783,0,1,"Long, Mr. Milton Clyde",male,29.0,0,0,113501,30.0,S,False,1.0344827586206897,Mr,30.0
784,0,3,"Johnston, Mr. Andrew G",male,28.0,1,2,W./C. 6607,23.45,S,False,0.8375,Mr,5.8625
785,0,3,"Ali, Mr. William",male,25.0,0,0,SOTON/O.Q. 3101312,7.05,S,False,0.282,Mr,7.05
786,0,3,"Harmer, Mr. Abraham (David Lishin)",male,25.0,0,0,374887,7.25,S,False,0.29,Mr,7.25
787,1,3,"Sjoblom, Miss. Anna Sofia",female,18.0,0,0,3101265,7.4958,S,False,0.4164333333333333,Miss,7.4958
788,0,3,"Rice, Master. George Hugh",male,8.0,4,1,382652,29.125,Q,True,3.640625,Master,4.854166666666667
789,1,3,"Dean, Master. Bertram Vere",male,1.0,1,2,C.A. 2315,20.575,S,True,20.575,Master,5.14375
790,0,1,"Guggenheim, Mr. Benjamin",male,46.0,0,0,PC 17593,79.2,C,False,1.7217391304347827,Mr,79.2
791,0,3,"Keane, Mr. Andrew ""Andy""",male,28.0,0,0,12460,7.75,Q,False,0.2767857142857143,Mr,7.75
792,0,2,"Gaskell, Mr. Alfred",male,16.0,0,0,239865,26.0,S,False,1.625,Mr,26.0
793,0,3,"Sage, Miss. Stella Anna",female,28.0,8,2,CA. 2343,69.55,S,False,2.4839285714285713,Miss,6.322727272727272
794,0,1,"Hoyt, Mr. William Fisher",male,28.0,0,0,PC 17600,30.6958,C,False,1.0962785714285714,Mr,30.6958
795,0,3,"Dantcheff, Mr. Ristiu",male,25.0,0,0,349203,7.8958,S,False,0.315832,Mr,7.8958
796,0,2,"Otter, Mr. Richard",male,39.0,0,0,28213,13.0,S,False,0.3333333333333333,Mr,13.0
797,1,1,"Leader, Dr. Alice (Farnham)",female,49.0,0,0,17465,25.9292,S,False,0.5291673469387755,Dr,25.9292
798,1,3,"Osman, Mrs. Mara",female,31.0,0,0,349244,8.6833,S,False,0.2801064516129032,Mrs,8.6833
799,0,3,"Ibrahim Shawah, Mr. Yousseff",male,30.0,0,0,2685,7.2292,C,False,0.24097333333333332,Mr,7.2292
800,0,3,"Van Impe, Mrs. Jean Baptiste (Rosalie Paula Govaert)",female,30.0,1,1,345773,24.15,S,False,0.8049999999999999,Mrs,8.049999999999999
801,0,2,"Ponesell, Mr. Martin",male,34.0,0,0,250647,13.0,S,False,0.38235294117647056,Mr,13.0
802,1,2,"Collyer, Mrs. Harvey (Charlotte Annie Tate)",female,31.0,1,1,C.A. 31921,26.25,S,False,0.8467741935483871,Mrs,8.75
803,1,1,"Carter, Master. William Thornton II",male,11.0,1,2,113760,120.0,S,True,10.909090909090908,Master,30.0
804,1,3,"Thomas, Master. Assad Alexander",male,0.42,0,1,2625,8.5167,C,True,20.277857142857144,Master,4.25835
805,1,3,"Hedman, Mr. Oskar Arvid",male,27.0,0,0,347089,6.975,S,False,0.2583333333333333,Mr,6.975
806,0,3,"Johansson, Mr. Karl Johan",male,31.0,0,0,347063,7.775,S,False,0.2508064516129032,Mr,7.775
807,0,1,"Andrews, Mr. Thomas Jr",male,39.0,0,0,112050,0.0,S,False,0.0,Mr,0.0
808,0,3,"Pettersson, Miss. Ellen Natalia",female,18.0,0,0,347087,7.775,S,False,0.43194444444444446,Miss,7.775
809,0,2,"Meyer, Mr. August",male,39.0,0,0,248723,13.0,S,False,0.3333333333333333,Mr,13.0
810,1,1,"Chambers, Mrs. Norman Campbell (Bertha Griggs)",female,33.0,1,0,113806,53.1,S,False,1.6090909090909091,Mrs,26.55
811,0,3,"Alexander, Mr. William",male,26.0,0,0,3474,7.8875,S,False,0.30336538461538465,Mr,7.8875
812,0,3,"Lester, Mr. James",male,39.0,0,0,A/4 48871,24.15,S,False,0.6192307692307691,Mr,24.15
813,0,2,"Slemen, Mr. Richard James",male,35.0,0,0,28206,10.5,S,False,0.3,Mr,10.5
814,0,3,"Andersson, Miss. Ebba Iris Alfrida",female,6.0,4,2,347082,31.275,S,True,5.2124999999999995,Miss,4.4678571428571425
815,0,3,"Tomlin, Mr. Ernest Portage",male,30.5,0,0,364499,8.05,S,False,0.26393442622950825,Mr,8.05
816,0,1,"Fry, Mr. Richard",male,28.0,0,0,112058,0.0,S,False,0.0,Mr,0.0
817,0,3,"Heininen, Miss. Wendla Maria",female,23.0,0,0,STON/O2. 3101290,7.925,S,False,0.34456521739130436,Miss,7.925
818,0,2,"Mallet, Mr. Albert",male,31.0,1,1,S.C./PARIS 2079,37.0042,C,False,1.1936838709677418,Mr,12.334733333333332
819,0,3,"Holm, Mr. John Fredrik Alexander",male,43.0,0,0,C 7075,6.45,S,False,0.15,Mr,6.45
820,0,3,"Skoog, Master. Karl Thorsten",male,10.0,3,2,347088,27.9,S,True,2.79,Master,4.6499999999999995
821,1,1,"Hays, Mrs. Charles Melville (Clara Jennings Gregg)",female,52.0,1,1,12749,93.5,S,False,1.7980769230769231,Mrs,31.166666666666668
822,1,3,"Lulic, Mr. Nikola",male,27.0,0,0,315098,8.6625,S,False,0.3208333333333333,Mr,8.6625
823,0,1,"Reuchlin, Jonkheer. John George",male,38.0,0,0,19972,0.0,S,False,0.0,Jonkheer,0.0
824,1,3,"Moor, Mrs. (Beila)",female,27.0,0,1,392096,12.475,S,False,0.462037037037037,Mrs,6.2375
825,0,3,"Panula, Master. Urho Abraham",male,2.0,4,1,3101295,39.6875,S,True,19.84375,Master,6.614583333333333
826,0,3,"Flynn, Mr. John",male,28.0,0,0,368323,6.95,Q,False,0.24821428571428572,Mr,6.95
827,0,3,"Lam, Mr. Len",male,28.0,0,0,1601,56.4958,S,False,2.017707142857143,Mr,56.4958
828,1,2,"Mallet, Master. Andre",male,1.0,0,2,S.C./PARIS 2079,37.0042,C,True,37.0042,Master,12.334733333333332
829,1,3,"McCormack, Mr. Thomas Joseph",male,28.0,0,0,367228,7.75,Q,False,0.2767857142857143,Mr,7.75
830,1,1,"Stone, Mrs. George Nelson (Martha Evelyn)",female,62.0,0,0,113572,80.0,S,False,1.2903225806451613,Mrs,80.0
831,1,3,"Yasbeck, Mrs. Antoni (Selini Alexander)",female,15.0,1,0,2659,14.4542,C,True,0.9636133333333333,Mrs,7.2271
832,1,2,"Richards, Master. George Sibley",male,0.83,1,1,29106,18.75,S,True,22.590361445783135,Master,6.25
833,0,3,"Saad, Mr. Amin",male,28.0,0,0,2671,7.2292,C,False,0.2581857142857143,Mr,7.2292
834,0,3,"Augustsson, Mr. Albert",male,23.0,0,0,347468,7.8542,S,False,0.3414869565217391,Mr,7.8542
835,0,3,"Allum, Mr. Owen George",male,18.0,0,0,2223,8.3,S,False,0.46111111111111114,Mr,8.3
836,1,1,"Compton, Miss. Sara Rebecca",female,39.0,1,1,PC 17756,83.1583,C,False,2.1322641025641027,Miss,27.71943333333333
837,0,3,"Pasic, Mr. Jakob",male,21.0,0,0,315097,8.6625,S,False,0.4125,Mr,8.6625
838,0,3,"Sirota, Mr. Maurice",male,28.0,0,0,392092,8.05,S,False,0.28750000000000003,Mr,8.05
839,1,3,"Chip, Mr. Chang",male,32.0,0,0,1601,56.4958,S,False,1.76549375,Mr,56.4958
840,1,1,"Marechal, Mr. Pierre",male,28.0,0,0,11774,29.7,C,False,1.0607142857142857,Mr,29.7
841,0,3,"Alhomaki, Mr. Ilmari Rudolf",male,20.0,0,0,SOTON/O2 3101287,7.925,S,False,0.39625,Mr,7.925
842,0,2,"Mudd, Mr. Thomas Charles",male,16.0,0,0,S.O./P.P. 3,10.5,S,False,0.65625,Mr,10.5
843,1,1,"Serepeca, Miss. Augusta",female,30.0,0,0,113798,31.0,C,False,1.0333333333333334,Miss,31.0
844,0,3,"Lemberopolous, Mr. Peter L",male,34.5,0,0,2683,6.4375,C,False,0.18659420289855072,Mr,6.4375
845,0,3,"Culumovic, Mr. Jeso",male,17.0,0,0,315090,8.6625,S,False,0.5095588235294117,Mr,8.6625
846,0,3,"Abbing, Mr. Anthony",male,42.0,0,0,C.A. 5547,7.55,S,False,0.17976190476190476,Mr,7.55
847,0,3,"Sage, Mr. Douglas Bullen",male,28.0,8,2,CA. 2343,69.55,S,False,2.4839285714285713,Mr,6.322727272727272
848,0,3,"Markoff, Mr. Marin",male,35.0,0,0,349213,7.8958,C,False,0.22559428571428572,Mr,7.8958
849,0,2,"Harper, Rev. John",male,28.0,0,1,248727,33.0,S,False,1.1785714285714286,Rev,16.5
850,1,1,"Goldenberg, Mrs. Samuel L (Edwiga Grabowska)",female,28.0,1,0,17453,89.1042,C,False,3.1822928571428575,Mrs,44.5521
851,0,3,"Andersson, Master. Sigvard Harald Elias",male,4.0,4,2,347082,31.275,S,True,7.81875,Master,4.4678571428571425
852,0,3,"Svensson, Mr. Johan",male,74.0,0,0,347060,7.775,S,False,0.10506756756756758,Mr,7.775
853,0,3,"Boulos, Miss. Nourelain",female,9.0,1,1,2678,15.2458,C,True,1.6939777777777776,Miss,5.081933333333333
854,1,1,"Lines, Miss. Mary Conover",female,16.0,0,1,PC 17592,39.4,S,False,2.4625,Miss,19.7
855,0,2,"Carter, Mrs. Ernest Courtenay (Lilian Hughes)",female,44.0,1,0,244252,26.0,S,False,0.5909090909090909,Mrs,13.0
856,1,3,"Aks, Mrs. Sam (Leah Rosen)",female,18.0,0,1,392091,9.35,S,False,0.5194444444444444,Mrs,4.675
857,1,1,"Wick, Mrs. George Dennick (Mary Hitchcock)",female,45.0,1,1,36928,164.8667,S,False,3.6637044444444444,Mrs,54.95556666666667
858,1,1,"Daly, Mr. Peter Denis ",male,51.0,0,0,113055,26.55,S,False,0.5205882352941177,Mr,26.55
859,1,3,"Baclini, Mrs. Solomon (Latifa Qurban)",female,24.0,0,3,2666,19.2583,C,False,0.8024291666666666,Mrs,4.814575
860,0,3,"Razi, Mr. Raihed",male,28.0,0,0,2629,7.2292,C,False,0.2581857142857143,Mr,7.2292
861,0,3,"Hansen, Mr. Claus Peter",male,41.0,2,0,350026,14.1083,S,False,0.3441048780487805,Mr,4.702766666666666
862,0,2,"Giles, Mr. Frederick Edward",male,21.0,1,0,28134,11.5,S,False,0.5476190476190477,Mr,5.75
863,1,1,"Swift, Mrs. Frederick Joel (Margaret Welles Barron)",female,48.0,0,0,17466,25.9292,S,False,0.5401916666666667,Mrs,25.9292
864,0,3,"Sage, Miss. Dorothy Edith ""Dolly""",female,28.0,8,2,CA. 2343,69.55,S,False,2.4839285714285713,Miss,6.322727272727272
865,0,2,"Gill, Mr. John William",male,24.0,0,0,233866,13.0,S,False,0.5416666666666666,Mr,13.0
866,1,2,"Bystrom, Mrs. (Karolina)",female,42.0,0,0,236852,13.0,S,False,0.30952380952380953,Mrs,13.0
867,1,2,"Duran y More, Miss. Asuncion",female,27.0,1,0,SC/PARIS 2149,13.8583,C,False,0.5132703703703704,Miss,6.92915
868,0,1,"Roebling, Mr. Washington Augustus II",male,31.0,0,0,PC 17590,50.4958,S,False,1.6288967741935485,Mr,50.4958
869,0,3,"van Melkebeke, Mr. Philemon",male,28.0,0,0,345777,9.5,S,False,0.3392857142857143,Mr,9.5
870,1,3,"Johnson, Master. Harold Theodor",male,4.0,1,1,347742,11.1333,S,True,2.783325,Master,3.7111
871,0,3,"Balkic, Mr. Cerin",male,26.0,0,0,349248,7.8958,S,False,0.3036846153846154,Mr,7.8958
872,1,1,"Beckwith, Mrs. Richard Leonard (Sallie Monypeny)",female,47.0,1,1,11751,52.5542,S,False,1.1181744680851065,Mrs,17.518066666666666
873,0,1,"Carlsson, Mr. Frans Olof",male,33.0,0,0,695,5.0,S,False,0.15151515151515152,Mr,5.0
874,0,3,"Vander Cruyssen, Mr. Victor",male,47.0,0,0,345765,9.0,S,False,0.19148936170212766,Mr,9.0
875,1,2,"Abelson, Mrs. Samuel (Hannah Wizosky)",female,28.0,1,0,P/PP 3381,24.0,C,False,0.8571428571428571,Mrs,12.0
876,1,3,"Najib, Miss. Adele Kiamie ""Jane""",female,15.0,0,0,2667,7.225,C,True,0.48166666666666663,Miss,7.225
877,0,3,"Gustafsson, Mr. Alfred Ossian",male,20.0,0,0,7534,9.8458,S,False,0.49229,Mr,9.8458
878,0,3,"Petroff, Mr. Nedelio",male,19.0,0,0,349212,7.8958,S,False,0.4155684210526316,Mr,7.8958
879,0,3,"Laleff, Mr. Kristo",male,28.0,0,0,349217,7.8958,S,False,0.28199285714285716,Mr,7.8958
880,1,1,"Potter, Mrs. Thomas Jr (Lily Alexenia Wilson)",female,56.0,0,1,11767,83.1583,C,False,1.4849696428571428,Mrs,41.57915
881,1,2,"Shelley, Mrs. William (Imanita Parrish Hall)",female,25.0,0,1,230433,26.0,S,False,1.04,Mrs,13.0
882,0,3,"Markun, Mr. Johann",male,33.0,0,0,349257,7.8958,S,False,0.23926666666666668,Mr,7.8958
883,0,3,"Dahlberg, Miss. Gerda Ulrika",female,22.0,0,0,7552,10.5167,S,False,0.47803181818181817,Miss,10.5167
884,0,2,"Banfield, Mr. Frederick James",male,28.0,0,0,C.A./SOTON 34068,10.5,S,False,0.375,Mr,10.5
885,0,3,"Sutehall, Mr. Henry Jr",male,25.0,0,0,SOTON/OQ 392076,7.05,S,False,0.282,Mr,7.05
886,0,3,"Rice, Mrs. William (Margaret Norton)",female,39.0,0,5,382652,29.125,Q,False,0.7467948717948718,Mrs,4.854166666666667
887,0,2,"Montvila, Rev. Juozas",male,27.0,0,0,211536,13.0,S,False,0.48148148148148145,Rev,13.0
888,1,1,"Graham, Miss. Margaret Edith",female,19.0,0,0,112053,30.0,S,False,1.5789473684210527,Miss,30.0
889,0,3,"Johnston, Miss. Catherine Helen ""Carrie""",female,28.0,1,2,W./C. 6607,23.45,S,False,0.8375,Miss,5.8625
890,1,1,"Behr, Mr. Karl Howell",male,26.0,0,0,111369,30.0,C,False,1.1538461538461537,Mr,30.0
891,0,3,"Dooley, Mr. Patrick",male,32.0,0,0,370376,7.75,Q,False,0.2421875,Mr,7.75
